bim360_account_id,bim360_project_id,relationship_guid,item1_domain,item1_entitytype,item1_id,item2_domain,item2_entitytype,item2_id,created_on,deleted_on,is_deleted,is_service_owned
60844ec8-1755-47a1-a106-1cc9a6c26e18,af8b83a7-47eb-4049-9275-c86b659a4b79,c0d91582-81c1-4301-87bd-b1d6f0cfe121,autodesk-bim360-issue,issue,2f2fc5f8-3377-4b85-8c82-adb40de40c51,autodesk-construction-photo,photo,2f2fc5f8-3377-4b85-8c82-adb40de40c51,2023-10-09 03:34:30.797524,,f,t
60844ec8-1755-47a1-a106-1cc9a6c26e18,af8b83a7-47eb-4049-9275-c86b659a4b79,6ea88921-1a14-4e22-996b-4585b4931d75,autodesk-bim360-modelcoordination,documentlineage,urn:adsk.wipprod:dm.lineage:pk3AjrdlSPe2Bit_SesxhQ#{3D},autodesk-bim360-issue,coordinationother,2f2fc5f8-3377-4b85-8c82-adb40de40c51,2023-10-09 03:34:31.332739,,f,t
60844ec8-1755-47a1-a106-1cc9a6c26e18,af8b83a7-47eb-4049-9275-c86b659a4b79,3b6d070b-3581-42c1-a671-7d3a66589e5f,autodesk-bim360-issue,coordinationother,2f2fc5f8-3377-4b85-8c82-adb40de40c51,autodesk-bim360-modelcoordination,container,af8b83a7-47eb-4049-9275-c86b659a4b79,2023-10-09 03:34:31.334298,,f,t
60844ec8-1755-47a1-a106-1cc9a6c26e18,af8b83a7-47eb-4049-9275-c86b659a4b79,4afab88f-6f86-45ea-8b2c-f5e008e44480,autodesk-bim360-modelcoordination,scope,fb67d4a8-87ba-4c5c-b803-45bc9755ef0f,autodesk-bim360-issue,coordinationother,2f2fc5f8-3377-4b85-8c82-adb40de40c51,2023-10-09 03:34:31.335834,,f,t
60844ec8-1755-47a1-a106-1cc9a6c26e18,af8b83a7-47eb-4049-9275-c86b659a4b79,0ada6f14-ee48-434d-a141-722f1b71a03d,autodesk-bim360-issue,issue,27615d6c-1ca9-4fa8-b804-28d2162977f0,autodesk-construction-photo,photo,27615d6c-1ca9-4fa8-b804-28d2162977f0,2023-10-09 03:39:35.673411,,f,t
60844ec8-1755-47a1-a106-1cc9a6c26e18,af8b83a7-47eb-4049-9275-c86b659a4b79,1627f058-c07a-4d76-a29b-cc9996017c30,autodesk-bim360-modelcoordination,documentlineage,urn:adsk.wipprod:dm.lineage:pk3AjrdlSPe2Bit_SesxhQ#{3D},autodesk-bim360-issue,coordinationother,27615d6c-1ca9-4fa8-b804-28d2162977f0,2023-10-09 03:39:36.276122,,f,t
60844ec8-1755-47a1-a106-1cc9a6c26e18,af8b83a7-47eb-4049-9275-c86b659a4b79,97dc3ef3-03c1-4971-ae0d-e11e3cdc3ef8,autodesk-bim360-issue,coordinationother,27615d6c-1ca9-4fa8-b804-28d2162977f0,autodesk-bim360-modelcoordination,container,af8b83a7-47eb-4049-9275-c86b659a4b79,2023-10-09 03:39:36.277411,,f,t
60844ec8-1755-47a1-a106-1cc9a6c26e18,af8b83a7-47eb-4049-9275-c86b659a4b79,e9780b33-38b9-415e-98c5-e1308dbf66a9,autodesk-bim360-modelcoordination,scope,fb67d4a8-87ba-4c5c-b803-45bc9755ef0f,autodesk-bim360-issue,coordinationother,27615d6c-1ca9-4fa8-b804-28d2162977f0,2023-10-09 03:39:36.278446,,f,t
60844ec8-1755-47a1-a106-1cc9a6c26e18,af8b83a7-47eb-4049-9275-c86b659a4b79,ca0a27fe-06d3-4994-9d2e-3327a8f527ac,autodesk-bim360-issue,issue,eb707cd7-88b3-4d83-8053-15d5a85cd328,autodesk-construction-markup,markupdocument,urn:adsk.wipprod:fs.file:vf.pk3AjrdlSPe2Bit_SesxhQ?version=1,2023-10-11 01:26:34.198021,,f,t
60844ec8-1755-47a1-a106-1cc9a6c26e18,af8b83a7-47eb-4049-9275-c86b659a4b79,57b6d62e-cf83-4fc4-b63a-55d942dc6a13,autodesk-bim360-issue,issue,eb707cd7-88b3-4d83-8053-15d5a85cd328,autodesk-construction-markup,markup,d74c923f-a018-4a9a-a1a6-ee2d14b5ab35,2023-10-11 01:26:34.45642,,f,t
60844ec8-1755-47a1-a106-1cc9a6c26e18,af8b83a7-47eb-4049-9275-c86b659a4b79,07ab7803-f135-4b83-a235-ffe6d619f613,autodesk-bim360-issue,issue,6cf86259-16f1-4f08-98b4-7bbe3b8e2d10,autodesk-bim360-asset,asset,636b66a2-1eb9-4672-91c8-a23366b5ac89,2024-03-06 06:52:55.212526,,f,f
60844ec8-1755-47a1-a106-1cc9a6c26e18,af8b83a7-47eb-4049-9275-c86b659a4b79,55d3ffcb-c422-4971-bbf7-bf546698d841,autodesk-bim360-asset,asset,636b66a2-1eb9-4672-91c8-a23366b5ac89,autodesk-construction-schedule,activity,7e19db82-c0a4-42a6-a316-110e8e4017c4-37,2024-03-07 01:01:14.759673,,f,f
60844ec8-1755-47a1-a106-1cc9a6c26e18,af8b83a7-47eb-4049-9275-c86b659a4b79,20b9a469-5e5a-44c9-b2b9-e85be315fd18,autodesk-bim360-asset,asset,a4369948-40cb-410f-bc04-58344cf2eb85,autodesk-construction-schedule,activity,7e19db82-c0a4-42a6-a316-110e8e4017c4-146,2024-03-08 02:35:28.164909,,f,f
60844ec8-1755-47a1-a106-1cc9a6c26e18,af8b83a7-47eb-4049-9275-c86b659a4b79,a238d152-1498-42f8-8279-e4f8773bed69,autodesk-construction-schedule,activity,7e19db82-c0a4-42a6-a316-110e8e4017c4-278,autodesk-bim360-asset,asset,e7756bc6-d808-4673-9559-f7a521439892,2024-03-08 02:35:49.483741,2024-03-08 02:36:21.444873,t,f
60844ec8-1755-47a1-a106-1cc9a6c26e18,af8b83a7-47eb-4049-9275-c86b659a4b79,df8d5275-c0b7-4e84-aaba-4c9ea6d56f35,autodesk-construction-schedule,activity,7e19db82-c0a4-42a6-a316-110e8e4017c4-5,autodesk-bim360-asset,asset,e7756bc6-d808-4673-9559-f7a521439892,2024-03-08 02:36:16.851906,,f,f
60844ec8-1755-47a1-a106-1cc9a6c26e18,af8b83a7-47eb-4049-9275-c86b659a4b79,909feb9d-8463-4ee4-b706-1738c1a78378,autodesk-construction-schedule,activity,7e19db82-c0a4-42a6-a316-110e8e4017c4-278,autodesk-bim360-asset,asset,95eef21f-5a16-48c2-a3e4-b393b2bf6263,2024-03-08 02:36:47.241426,,f,f
60844ec8-1755-47a1-a106-1cc9a6c26e18,af8b83a7-47eb-4049-9275-c86b659a4b79,c10ecdcb-5529-4015-ba34-15c62227ed64,autodesk-construction-schedule,activity,7e19db82-c0a4-42a6-a316-110e8e4017c4-276,autodesk-bim360-asset,asset,23441957-138d-4271-908f-44679487d6ba,2024-03-08 02:37:07.916106,,f,f
60844ec8-1755-47a1-a106-1cc9a6c26e18,af8b83a7-47eb-4049-9275-c86b659a4b79,7cf14a68-67d2-449a-83b2-4030bc710725,autodesk-bim360-asset,asset,45cebaf4-0ec3-4521-8890-41c4ccb5c18a,autodesk-construction-schedule,activity,7e19db82-c0a4-42a6-a316-110e8e4017c4-282,2024-03-08 02:37:34.296315,,f,f
60844ec8-1755-47a1-a106-1cc9a6c26e18,af8b83a7-47eb-4049-9275-c86b659a4b79,f2410a48-1b17-43f5-ba0e-88d673d45276,autodesk-bim360-asset,asset,2fcd9a7a-f3fa-4292-9168-28f4737c025b,autodesk-construction-schedule,activity,7e19db82-c0a4-42a6-a316-110e8e4017c4-282,2024-03-08 02:38:05.188052,,f,f
60844ec8-1755-47a1-a106-1cc9a6c26e18,af8b83a7-47eb-4049-9275-c86b659a4b79,a8cd4da8-7efe-4dd2-a8d6-7b15bc7fefc2,autodesk-bim360-asset,asset,1a547e99-87dc-4d06-85e4-affc832bdb81,autodesk-construction-schedule,activity,7e19db82-c0a4-42a6-a316-110e8e4017c4-146,2024-03-08 02:38:21.857046,,f,f
60844ec8-1755-47a1-a106-1cc9a6c26e18,af8b83a7-47eb-4049-9275-c86b659a4b79,948a53a3-0b92-43cf-90ba-26cb1afa7a05,autodesk-construction-schedule,activity,7e19db82-c0a4-42a6-a316-110e8e4017c4-279,autodesk-bim360-asset,asset,ae8df33d-9351-47ab-a3a1-0c43f82ece16,2024-03-08 02:39:06.492786,,f,f
60844ec8-1755-47a1-a106-1cc9a6c26e18,af8b83a7-47eb-4049-9275-c86b659a4b79,d74ff35b-d6b1-4cdc-a8e6-883bc4872ae8,autodesk-construction-schedule,activity,7e19db82-c0a4-42a6-a316-110e8e4017c4-279,autodesk-bim360-asset,asset,c422e45f-3971-4978-8c92-87c90088aeaa,2024-03-08 02:39:55.390091,,f,f
60844ec8-1755-47a1-a106-1cc9a6c26e18,af8b83a7-47eb-4049-9275-c86b659a4b79,cf4e3412-eead-4eb3-9613-c3d44ddf42da,autodesk-construction-schedule,activity,7e19db82-c0a4-42a6-a316-110e8e4017c4-33,autodesk-bim360-asset,asset,2e979c75-5b3b-48e0-90b0-8d7ee5da3b5e,2024-03-08 02:40:46.828833,,f,f
60844ec8-1755-47a1-a106-1cc9a6c26e18,af8b83a7-47eb-4049-9275-c86b659a4b79,c6d198c1-f64d-40dc-8dc2-568d4319668b,autodesk-construction-schedule,activity,7e19db82-c0a4-42a6-a316-110e8e4017c4-33,autodesk-bim360-asset,asset,ae8df33d-9351-47ab-a3a1-0c43f82ece16,2024-03-08 02:40:46.830023,,f,f
60844ec8-1755-47a1-a106-1cc9a6c26e18,af8b83a7-47eb-4049-9275-c86b659a4b79,471459f2-e888-4f00-bfa3-67a084b66ef0,autodesk-construction-schedule,activity,7e19db82-c0a4-42a6-a316-110e8e4017c4-33,autodesk-bim360-asset,asset,8b9601bc-3fcb-4377-8f2c-3163e1f98eed,2024-03-08 02:40:46.830972,,f,f
60844ec8-1755-47a1-a106-1cc9a6c26e18,af8b83a7-47eb-4049-9275-c86b659a4b79,f698a2b3-e3ff-4f6d-b4db-8869e7b40d69,autodesk-construction-schedule,activity,7e19db82-c0a4-42a6-a316-110e8e4017c4-33,autodesk-bim360-asset,asset,c422e45f-3971-4978-8c92-87c90088aeaa,2024-03-08 02:40:46.831855,,f,f
60844ec8-1755-47a1-a106-1cc9a6c26e18,af8b83a7-47eb-4049-9275-c86b659a4b79,909b9f34-6e75-48bf-8ab7-3d1bec95c544,autodesk-construction-schedule,activity,7e19db82-c0a4-42a6-a316-110e8e4017c4-145,autodesk-bim360-asset,asset,f912e0ab-e741-4512-b2e9-989e62cac976,2024-06-11 08:16:28.39003,,f,t
60844ec8-1755-47a1-a106-1cc9a6c26e18,af8b83a7-47eb-4049-9275-c86b659a4b79,442ac285-fa29-46a3-bf65-bb676a607ef8,autodesk-construction-schedule,activity,7e19db82-c0a4-42a6-a316-110e8e4017c4-145,autodesk-bim360-asset,asset,bfe9cae5-6169-432c-8280-93da979cc858,2024-06-11 08:16:28.390993,,f,t
60844ec8-1755-47a1-a106-1cc9a6c26e18,af8b83a7-47eb-4049-9275-c86b659a4b79,caa07d66-9020-4bc1-94af-ee205fb24c47,autodesk-construction-schedule,activity,7e19db82-c0a4-42a6-a316-110e8e4017c4-277,autodesk-bim360-asset,asset,f912e0ab-e741-4512-b2e9-989e62cac976,2024-06-11 08:17:22.514442,,f,t
60844ec8-1755-47a1-a106-1cc9a6c26e18,af8b83a7-47eb-4049-9275-c86b659a4b79,fd76c798-425a-4f95-bbd7-259b69958d66,autodesk-construction-schedule,activity,7e19db82-c0a4-42a6-a316-110e8e4017c4-277,autodesk-bim360-asset,asset,bfe9cae5-6169-432c-8280-93da979cc858,2024-06-11 08:17:22.516249,,f,t
60844ec8-1755-47a1-a106-1cc9a6c26e18,af8b83a7-47eb-4049-9275-c86b659a4b79,44dd7e9c-dfe5-4bc0-99a1-18fd026d0cb7,autodesk-construction-schedule,activity,7e19db82-c0a4-42a6-a316-110e8e4017c4-277,autodesk-bim360-asset,asset,35608a4b-bafd-4141-a94b-bfb80a3ffd90,2024-06-11 08:17:22.517961,,f,t
60844ec8-1755-47a1-a106-1cc9a6c26e18,af8b83a7-47eb-4049-9275-c86b659a4b79,84c38600-4a9c-48c9-b33d-eaa6a83988b0,autodesk-construction-schedule,activity,7e19db82-c0a4-42a6-a316-110e8e4017c4-277,autodesk-bim360-asset,asset,e26a2df0-3b5a-4c72-911f-c5c21e15287a,2024-06-11 08:17:22.519644,,f,t
60844ec8-1755-47a1-a106-1cc9a6c26e18,af8b83a7-47eb-4049-9275-c86b659a4b79,8453b136-db45-4d7f-9e10-01056da17fd2,autodesk-construction-schedule,activity,7e19db82-c0a4-42a6-a316-110e8e4017c4-277,autodesk-bim360-asset,asset,a524ed9d-334a-4800-8d50-74c1492708ec,2024-06-11 08:17:22.521454,,f,t
60844ec8-1755-47a1-a106-1cc9a6c26e18,af8b83a7-47eb-4049-9275-c86b659a4b79,38d53415-9974-4125-83db-d0cdc2c60c17,autodesk-construction-schedule,activity,7e19db82-c0a4-42a6-a316-110e8e4017c4-277,autodesk-bim360-asset,asset,74a3e873-5ed9-46da-9610-19abe82b3fc7,2024-06-11 08:17:22.523194,,f,t
60844ec8-1755-47a1-a106-1cc9a6c26e18,af8b83a7-47eb-4049-9275-c86b659a4b79,f65df63e-715c-4436-bf16-a46521d336a5,autodesk-construction-schedule,activity,7e19db82-c0a4-42a6-a316-110e8e4017c4-277,autodesk-bim360-asset,asset,57cf9cef-f3d1-4aba-a36b-d4ddb1a6c7ff,2024-06-11 08:17:22.5249,,f,t
60844ec8-1755-47a1-a106-1cc9a6c26e18,af8b83a7-47eb-4049-9275-c86b659a4b79,a1bdf3fa-95d4-4ab9-87fa-5d94129cdad0,autodesk-construction-schedule,activity,7e19db82-c0a4-42a6-a316-110e8e4017c4-291,autodesk-bim360-asset,asset,6c943c27-a7bd-400b-946e-18481494d16b,2024-06-11 08:18:32.130135,,f,t
60844ec8-1755-47a1-a106-1cc9a6c26e18,af8b83a7-47eb-4049-9275-c86b659a4b79,423ca5b1-11e3-4925-b5ae-20d5f4f220e2,autodesk-construction-schedule,activity,7e19db82-c0a4-42a6-a316-110e8e4017c4-291,autodesk-bim360-asset,asset,52929dff-0474-4178-8298-c360693ccdf0,2024-06-11 08:18:32.131734,,f,t
60844ec8-1755-47a1-a106-1cc9a6c26e18,af8b83a7-47eb-4049-9275-c86b659a4b79,9b4f3868-054e-4ecc-a39c-ffb4c44d03cd,autodesk-construction-schedule,activity,7e19db82-c0a4-42a6-a316-110e8e4017c4-291,autodesk-bim360-asset,asset,ecfa935f-2caf-449c-bf2a-5c7519a585f4,2024-06-11 08:18:32.132991,,f,t
60844ec8-1755-47a1-a106-1cc9a6c26e18,af8b83a7-47eb-4049-9275-c86b659a4b79,2b961b88-1563-4427-bf01-7d3db0c2ff59,autodesk-bim360-asset,asset,72616d40-5198-45c3-9314-03357e95c4a6,autodesk-construction-schedule,activity,7e19db82-c0a4-42a6-a316-110e8e4017c4-291,2024-06-11 08:18:32.134544,,f,t
60844ec8-1755-47a1-a106-1cc9a6c26e18,af8b83a7-47eb-4049-9275-c86b659a4b79,fdcabadc-949d-4ae3-92d5-5909a57ebd0f,autodesk-bim360-asset,asset,2d4d19e8-0027-493b-b976-fc377455d134,autodesk-construction-schedule,activity,7e19db82-c0a4-42a6-a316-110e8e4017c4-291,2024-06-11 08:18:32.136096,,f,t
60844ec8-1755-47a1-a106-1cc9a6c26e18,af8b83a7-47eb-4049-9275-c86b659a4b79,52a69707-5829-476d-99c0-d5725ca29fe6,autodesk-bim360-asset,asset,4c178c5f-d2b3-40f0-b9f3-f01506a72c3b,autodesk-construction-schedule,activity,7e19db82-c0a4-42a6-a316-110e8e4017c4-291,2024-06-11 08:18:32.13758,,f,t
60844ec8-1755-47a1-a106-1cc9a6c26e18,af8b83a7-47eb-4049-9275-c86b659a4b79,4373d02f-130d-45ff-9790-265791935d5b,autodesk-construction-schedule,activity,7e19db82-c0a4-42a6-a316-110e8e4017c4-274,autodesk-bim360-asset,asset,20c5ae5a-3909-4a87-82f1-1aaab8303743,2024-06-11 08:23:18.0558,,f,f
60844ec8-1755-47a1-a106-1cc9a6c26e18,af8b83a7-47eb-4049-9275-c86b659a4b79,04c01c54-d812-4fba-9648-4cc7a8faa9d4,autodesk-construction-schedule,activity,7e19db82-c0a4-42a6-a316-110e8e4017c4-274,autodesk-bim360-asset,asset,3ea0c89b-09ff-4d8f-a274-a629aa878c1c,2024-06-11 08:23:18.057666,,f,f
60844ec8-1755-47a1-a106-1cc9a6c26e18,af8b83a7-47eb-4049-9275-c86b659a4b79,39669c81-2fcb-4882-a86c-a040362c6aee,autodesk-bim360-asset,asset,63add636-d329-44d4-b1e3-5c496ab6d430,autodesk-construction-schedule,activity,7e19db82-c0a4-42a6-a316-110e8e4017c4-274,2024-06-11 08:23:18.059454,,f,f
60844ec8-1755-47a1-a106-1cc9a6c26e18,af8b83a7-47eb-4049-9275-c86b659a4b79,26880c98-99f7-4285-bc77-3c2277e5df53,autodesk-construction-schedule,activity,7e19db82-c0a4-42a6-a316-110e8e4017c4-274,autodesk-bim360-asset,asset,17770098-8eb2-4f9d-86e9-b20e30331594,2024-06-11 08:23:18.061229,,f,f
60844ec8-1755-47a1-a106-1cc9a6c26e18,af8b83a7-47eb-4049-9275-c86b659a4b79,69d1eacc-930f-46a9-9a75-31322611f90d,autodesk-bim360-asset,asset,3dce01df-46af-4689-8ab0-ecaa7e6bc925,autodesk-construction-schedule,activity,7e19db82-c0a4-42a6-a316-110e8e4017c4-284,2024-06-11 08:24:13.281069,,f,f
60844ec8-1755-47a1-a106-1cc9a6c26e18,af8b83a7-47eb-4049-9275-c86b659a4b79,836515af-497c-469c-94cf-581dbd9cf165,autodesk-bim360-asset,asset,bec0fa91-592f-46f0-8949-b7ea1899640e,autodesk-construction-schedule,activity,7e19db82-c0a4-42a6-a316-110e8e4017c4-284,2024-06-11 08:24:13.282159,,f,f
60844ec8-1755-47a1-a106-1cc9a6c26e18,af8b83a7-47eb-4049-9275-c86b659a4b79,1dc9c32c-945e-421a-a1c1-84c259145bf4,autodesk-bim360-asset,asset,09fb62bb-c9a2-464d-a471-69f9dd893817,autodesk-construction-schedule,activity,7e19db82-c0a4-42a6-a316-110e8e4017c4-284,2024-06-11 08:24:13.283225,,f,f
60844ec8-1755-47a1-a106-1cc9a6c26e18,af8b83a7-47eb-4049-9275-c86b659a4b79,aa93fbc9-399e-4903-8a3d-d8de37c77369,autodesk-bim360-asset,asset,e2cb83a9-4499-4a20-8a8d-d1feeabf6fb6,autodesk-construction-schedule,activity,7e19db82-c0a4-42a6-a316-110e8e4017c4-284,2024-06-11 08:24:13.284207,,f,f
60844ec8-1755-47a1-a106-1cc9a6c26e18,af8b83a7-47eb-4049-9275-c86b659a4b79,2e331188-2c57-4947-9718-672d0c32abcf,autodesk-bim360-asset,asset,d2f08c36-999d-4d5a-8d5f-dac7b728f60a,autodesk-construction-schedule,activity,7e19db82-c0a4-42a6-a316-110e8e4017c4-8,2024-06-11 08:25:08.82301,,f,f
60844ec8-1755-47a1-a106-1cc9a6c26e18,af8b83a7-47eb-4049-9275-c86b659a4b79,2e137733-e0c7-4d14-8f66-734e573e7f27,autodesk-bim360-asset,asset,f1b07825-daac-4986-aa59-fdcd38a84914,autodesk-construction-schedule,activity,7e19db82-c0a4-42a6-a316-110e8e4017c4-8,2024-06-11 08:25:08.824554,,f,f
60844ec8-1755-47a1-a106-1cc9a6c26e18,af8b83a7-47eb-4049-9275-c86b659a4b79,c18a8e11-bac0-41c2-b6b6-71d3a67a5125,autodesk-construction-schedule,activity,7e19db82-c0a4-42a6-a316-110e8e4017c4-8,autodesk-bim360-asset,asset,976913c2-766e-49da-b33f-97ccc0f649f6,2024-06-11 08:25:08.826096,,f,f
60844ec8-1755-47a1-a106-1cc9a6c26e18,af8b83a7-47eb-4049-9275-c86b659a4b79,0202adba-ac9d-4487-b4d1-a9fd28e790a5,autodesk-construction-schedule,activity,7e19db82-c0a4-42a6-a316-110e8e4017c4-8,autodesk-bim360-asset,asset,74adef17-d0de-44df-8ee8-4e5e87e6e3b3,2024-06-11 08:25:08.827447,,f,f
60844ec8-1755-47a1-a106-1cc9a6c26e18,af8b83a7-47eb-4049-9275-c86b659a4b79,2fc0a949-cfc1-4b27-b3fd-c7601d6c9aa3,autodesk-construction-schedule,activity,7e19db82-c0a4-42a6-a316-110e8e4017c4-34,autodesk-bim360-asset,asset,17c8e009-bd9d-4dad-999b-f7cf95e79092,2024-06-11 08:25:46.35614,,f,f
60844ec8-1755-47a1-a106-1cc9a6c26e18,af8b83a7-47eb-4049-9275-c86b659a4b79,6bd53b47-1843-4693-bcd9-5697a882475d,autodesk-construction-schedule,activity,7e19db82-c0a4-42a6-a316-110e8e4017c4-34,autodesk-bim360-asset,asset,d249ea71-81fc-41b2-806c-6d8f69684392,2024-06-11 08:25:46.357811,,f,f
60844ec8-1755-47a1-a106-1cc9a6c26e18,af8b83a7-47eb-4049-9275-c86b659a4b79,6739069a-41e2-43c8-aa69-98058f0c304c,autodesk-construction-schedule,activity,7e19db82-c0a4-42a6-a316-110e8e4017c4-34,autodesk-bim360-asset,asset,5e11b82f-18e5-4e2b-a136-b059b714fa1d,2024-06-11 08:25:46.359376,,f,f
60844ec8-1755-47a1-a106-1cc9a6c26e18,af8b83a7-47eb-4049-9275-c86b659a4b79,bef68d07-7b15-46da-986c-0eb4e75e2ddc,autodesk-construction-schedule,activity,7e19db82-c0a4-42a6-a316-110e8e4017c4-34,autodesk-bim360-asset,asset,33271a31-d10c-4adb-a78a-a6e177b412f7,2024-06-11 08:25:46.360818,,f,f
60844ec8-1755-47a1-a106-1cc9a6c26e18,af8b83a7-47eb-4049-9275-c86b659a4b79,c7c4431b-783a-4886-a6b4-96a217ca8e92,autodesk-bim360-issue,issue,2f2fc5f8-3377-4b85-8c82-adb40de40c51,autodesk-bim360-asset,asset,356c6749-4d85-4812-8a7b-4bac3b30dbf2,2024-06-11 08:28:02.161278,,f,f
60844ec8-1755-47a1-a106-1cc9a6c26e18,af8b83a7-47eb-4049-9275-c86b659a4b79,0e661595-6d44-4551-9db7-d2631252489d,autodesk-bim360-asset,asset,a2db2c68-d4b6-406b-82ca-f3c85c7f37e3,autodesk-bim360-issue,issue,27615d6c-1ca9-4fa8-b804-28d2162977f0,2024-06-11 08:28:36.904739,,f,f
60844ec8-1755-47a1-a106-1cc9a6c26e18,af8b83a7-47eb-4049-9275-c86b659a4b79,ff21e8c8-1add-4fa5-98a2-c5d5867b4b63,autodesk-bim360-issue,issue,eb707cd7-88b3-4d83-8053-15d5a85cd328,autodesk-bim360-asset,asset,00c2398c-adbe-45d9-964e-e79ef2785c3d,2024-06-11 08:29:00.679136,,f,f
60844ec8-1755-47a1-a106-1cc9a6c26e18,af8b83a7-47eb-4049-9275-c86b659a4b79,fce46276-e2e4-4c60-bc11-784bccfb8fb2,autodesk-bim360-asset,asset,f912e0ab-e741-4512-b2e9-989e62cac976,autodesk-bim360-issue,issue,26de3213-1291-452c-880e-4e08d2a23668,2024-06-14 09:46:46.266357,,f,f
60844ec8-1755-47a1-a106-1cc9a6c26e18,af8b83a7-47eb-4049-9275-c86b659a4b79,ecd0f550-7333-4868-b9b0-13021836afaa,autodesk-bim360-issue,issue,a908b9fd-f5cf-4b9d-a464-5d46718d0d69,autodesk-bim360-asset,asset,6c943c27-a7bd-400b-946e-18481494d16b,2024-06-14 09:47:14.166641,,f,f
60844ec8-1755-47a1-a106-1cc9a6c26e18,af8b83a7-47eb-4049-9275-c86b659a4b79,293fc896-41ea-40ee-95b4-e5b6ce18d4fa,autodesk-bim360-issue,issue,775820a1-44b1-4655-a6a5-f56d41682d3b,autodesk-construction-markup,markupdocument,urn:adsk.wipprod:fs.file:vf.Rf1u15PrQxeZbaX4nmuM9A?version=1,2024-07-25 08:16:22.701817,,f,t
60844ec8-1755-47a1-a106-1cc9a6c26e18,af8b83a7-47eb-4049-9275-c86b659a4b79,86feefd3-c321-406c-be70-d0f761be2b6a,autodesk-bim360-issue,issue,775820a1-44b1-4655-a6a5-f56d41682d3b,autodesk-construction-markup,markup,c399df9f-d762-4d80-8320-7b90e702d5d4,2024-07-25 08:16:22.914001,,f,t
60844ec8-1755-47a1-a106-1cc9a6c26e18,af8b83a7-47eb-4049-9275-c86b659a4b79,eaf9690a-eea7-46ab-8f0b-90cb62d567ab,autodesk-bim360-issue,issue,7f94798b-083a-4d1d-b876-02df4f1cdd46,autodesk-construction-markup,markupdocument,urn:adsk.wipprod:fs.file:vf.RkElbatwTLWrRMnPNrDPPw?version=2,2024-07-26 03:09:55.834236,2024-07-26 03:10:30.34702,t,t
60844ec8-1755-47a1-a106-1cc9a6c26e18,af8b83a7-47eb-4049-9275-c86b659a4b79,290f3684-e37f-443f-ad6c-39af91b4c1a1,autodesk-construction-markup,markup,53b2375f-f528-4c81-bad0-a791bb235ebe,autodesk-bim360-issue,issue,7f94798b-083a-4d1d-b876-02df4f1cdd46,2024-07-26 03:09:56.02453,2024-07-26 03:10:30.347698,t,t
60844ec8-1755-47a1-a106-1cc9a6c26e18,af8b83a7-47eb-4049-9275-c86b659a4b79,65dd883e-e94d-485d-ba64-520ebc09a5d8,autodesk-bim360-issue,issue,70fef7da-3989-435b-bb3e-8454d624fa9b,autodesk-construction-photo,photo,27615d6c-1ca9-4fa8-b804-28d2162977f0,2024-11-05 02:22:37.393884,2024-11-05 02:32:42.257208,t,t
60844ec8-1755-47a1-a106-1cc9a6c26e18,af8b83a7-47eb-4049-9275-c86b659a4b79,09a95982-8fcd-465e-ba47-d6479054603d,autodesk-bim360-issue,issue,70fef7da-3989-435b-bb3e-8454d624fa9b,autodesk-bim360-documentmanagement,documentlineage,urn:adsk.wipprod:dm.lineage:WhvwZdTpTHu1LiGSgIwcQw,2024-11-05 02:32:32.446695,2024-12-04 09:06:23.559028,t,t
60844ec8-1755-47a1-a106-1cc9a6c26e18,af8b83a7-47eb-4049-9275-c86b659a4b79,4a562406-8256-40b8-9bfe-6e9a1bed77a9,autodesk-bim360-issue,issue,2e525ec5-5784-492b-aae3-73cd0f5365ce,autodesk-construction-photo,photo,2f2fc5f8-3377-4b85-8c82-adb40de40c51,2024-11-07 00:43:33.564005,2024-11-07 02:45:33.697288,t,f
60844ec8-1755-47a1-a106-1cc9a6c26e18,af8b83a7-47eb-4049-9275-c86b659a4b79,25fcf604-3088-46a2-a0cb-dd259df76fd3,autodesk-bim360-documentmanagement,documentlineage,urn:adsk.wipprod:dm.lineage:VrteQxQPSAumYWD9xiRIqQ,autodesk-bim360-issue,issue,2e525ec5-5784-492b-aae3-73cd0f5365ce,2024-11-07 00:57:58.360093,2024-11-07 02:45:33.696733,t,f
60844ec8-1755-47a1-a106-1cc9a6c26e18,af8b83a7-47eb-4049-9275-c86b659a4b79,65640608-1852-45bc-b336-0ea623b79f7c,autodesk-bim360-documentmanagement,documentlineage,urn:adsk.wipprod:dm.lineage:p1QuxMLGTFyFeSEcIDr-ZA,autodesk-bim360-issue,issue,2e525ec5-5784-492b-aae3-73cd0f5365ce,2024-11-07 01:07:36.665351,2024-11-07 02:45:33.69625,t,f
60844ec8-1755-47a1-a106-1cc9a6c26e18,af8b83a7-47eb-4049-9275-c86b659a4b79,956671bc-b22a-4e44-8ee9-6573856fee97,autodesk-bim360-documentmanagement,documentlineage,urn:adsk.wipprod:dm.lineage:D9VOH76hS1uK-cVdl9qMGA,autodesk-bim360-issue,issue,77d30b90-bef0-4ba7-837f-5b64a199cc5a,2024-11-07 01:57:15.220639,2024-11-07 02:45:33.936204,t,f
60844ec8-1755-47a1-a106-1cc9a6c26e18,af8b83a7-47eb-4049-9275-c86b659a4b79,984b48a1-c5f2-4778-aeaf-1a1a545acec2,autodesk-bim360-issue,issue,3e29e82b-1a14-44a4-bfc1-639660f3ac6e,autodesk-bim360-documentmanagement,documentlineage,urn:adsk.wipprod:dm.lineage:23dUrhX-SSqLMZaeAnWliw,2024-11-07 02:07:49.247324,2024-11-07 02:45:33.995489,t,f
60844ec8-1755-47a1-a106-1cc9a6c26e18,af8b83a7-47eb-4049-9275-c86b659a4b79,0a923f10-c7dc-4876-94e4-7772d857a506,autodesk-bim360-documentmanagement,documentlineage,urn:adsk.wipprod:dm.lineage:nv32KcufR96_RhK9xI-6SQ,autodesk-bim360-issue,issue,659cc362-8056-4a5e-b8f8-0fdd4e49f386,2024-11-07 02:15:18.883177,2024-11-07 02:45:34.157401,t,f
60844ec8-1755-47a1-a106-1cc9a6c26e18,af8b83a7-47eb-4049-9275-c86b659a4b79,76492b79-2fff-4ecd-99a9-054899dacb26,autodesk-bim360-issue,issue,d9fdae8c-2bd0-46e8-af00-1c2c9da3805c,autodesk-bim360-documentmanagement,documentlineage,urn:adsk.wipprod:dm.lineage:uugB1kaWS_eAKqSaQNSmCg,2024-11-07 02:15:29.030897,2024-11-07 02:45:34.210876,t,f
60844ec8-1755-47a1-a106-1cc9a6c26e18,af8b83a7-47eb-4049-9275-c86b659a4b79,00952f50-fd8f-4b59-8061-49f9358a6b6a,autodesk-bim360-issue,issue,e7f009e7-91ab-4bfe-a9e8-22ef326007c6,autodesk-bim360-documentmanagement,documentlineage,urn:adsk.wipprod:dm.lineage:SF-AF9agRvuF8TrBYniQJw,2024-11-07 02:15:37.642664,2024-11-07 02:45:34.25917,t,f
60844ec8-1755-47a1-a106-1cc9a6c26e18,af8b83a7-47eb-4049-9275-c86b659a4b79,75b493b3-5735-4cef-953a-857e60dc22ef,autodesk-bim360-issue,issue,0af3f5d0-24a6-469b-90c0-2b432b5746bf,autodesk-bim360-documentmanagement,documentlineage,urn:adsk.wipprod:dm.lineage:2FEaNpZgRfOO5xgNBDSUMA,2024-11-07 02:20:06.165897,2024-11-07 02:45:34.34106,t,f
60844ec8-1755-47a1-a106-1cc9a6c26e18,af8b83a7-47eb-4049-9275-c86b659a4b79,63bd402b-4adb-4998-9ec7-ac0b8964fbf5,autodesk-bim360-issue,issue,9fb20df8-a2f8-4b9f-9ffc-e9ff98285173,autodesk-bim360-documentmanagement,documentlineage,urn:adsk.wipprod:dm.lineage:R14D0W4XQom4f4gIOloXSw,2024-11-07 02:20:15.866056,2024-11-07 02:45:34.387334,t,f
60844ec8-1755-47a1-a106-1cc9a6c26e18,af8b83a7-47eb-4049-9275-c86b659a4b79,0965afbb-e074-4dcd-b818-bcae69d96416,autodesk-bim360-issue,issue,22e580e7-a80c-48ce-b957-29eca731661c,autodesk-bim360-documentmanagement,documentlineage,urn:adsk.wipprod:dm.lineage:Vxjb7NMsSHC22U-nhMf6uw,2024-11-07 02:20:25.951148,2024-11-07 02:45:34.431696,t,f
60844ec8-1755-47a1-a106-1cc9a6c26e18,af8b83a7-47eb-4049-9275-c86b659a4b79,f5863b80-44e5-4cc7-aaae-3a07671907c8,autodesk-bim360-documentmanagement,documentlineage,urn:adsk.wipprod:dm.lineage:JT_WpE8yRmyhQOfDNXCKfA,autodesk-bim360-issue,issue,40399f1b-b40d-4770-a003-33625cef88c2,2024-11-07 05:07:13.81313,2024-11-07 06:23:06.49602,t,f
60844ec8-1755-47a1-a106-1cc9a6c26e18,af8b83a7-47eb-4049-9275-c86b659a4b79,f63a8e72-6781-458a-8c4b-b60c0daaa1d4,autodesk-bim360-documentmanagement,documentlineage,urn:adsk.wipprod:dm.lineage:fI6L9cysQn2v8Li7TIY8gA,autodesk-bim360-issue,issue,5886643a-19f9-4cba-b38e-286fb07813cd,2024-11-07 05:07:16.879883,2024-11-07 06:23:06.592477,t,f
60844ec8-1755-47a1-a106-1cc9a6c26e18,af8b83a7-47eb-4049-9275-c86b659a4b79,0bdb5042-adfc-4eb9-9d5b-16feca82704d,autodesk-bim360-issue,issue,a79ce9ef-37ce-47d9-b478-f14ce71dc5b8,autodesk-bim360-documentmanagement,documentlineage,urn:adsk.wipprod:dm.lineage:DjfZOB7qR5Cn42_gkGSx8w,2024-11-07 05:07:19.508185,2024-11-07 06:23:06.640822,t,f
60844ec8-1755-47a1-a106-1cc9a6c26e18,af8b83a7-47eb-4049-9275-c86b659a4b79,a7f9a96b-9d06-4a22-90d2-99974382b417,autodesk-bim360-documentmanagement,documentlineage,urn:adsk.wipprod:dm.lineage:-ueNo7nYQ-u0mZEovhzWcA,autodesk-bim360-issue,issue,320b26ad-7b36-4716-8fd1-963bbaf2a155,2024-11-07 05:07:22.472106,2024-11-07 06:23:06.685026,t,f
60844ec8-1755-47a1-a106-1cc9a6c26e18,af8b83a7-47eb-4049-9275-c86b659a4b79,d6062a78-016e-4c30-b7ac-9a34174c8bf0,autodesk-bim360-documentmanagement,documentlineage,urn:adsk.wipprod:dm.lineage:baU63_gxTxqkNiyV9QtC8Q,autodesk-bim360-issue,issue,47593012-f01c-4fcc-be56-e4fa9c2707f6,2024-11-07 06:28:51.077172,,f,f
60844ec8-1755-47a1-a106-1cc9a6c26e18,af8b83a7-47eb-4049-9275-c86b659a4b79,99dce782-4220-47f9-8aa1-7a02ef066138,autodesk-bim360-issue,issue,d4bf8aad-ad31-4fcc-9c74-0078bdd484e5,autodesk-bim360-documentmanagement,documentlineage,urn:adsk.wipprod:dm.lineage:0J1y6U1lQeSRg_Vv9mZawA,2024-11-07 06:28:53.705638,,f,f
60844ec8-1755-47a1-a106-1cc9a6c26e18,af8b83a7-47eb-4049-9275-c86b659a4b79,9754b694-50c5-4adb-a637-97f59c60cc60,autodesk-bim360-documentmanagement,documentlineage,urn:adsk.wipprod:dm.lineage:pVfnRsbgSKyBMdWqGOb1CQ,autodesk-bim360-issue,issue,df91cd53-0c31-407b-9960-f301e96e0840,2024-11-07 06:28:56.308733,,f,f
60844ec8-1755-47a1-a106-1cc9a6c26e18,af8b83a7-47eb-4049-9275-c86b659a4b79,12d3f600-3518-4e75-93de-82d1193094ad,autodesk-bim360-documentmanagement,documentlineage,urn:adsk.wipprod:dm.lineage:XUgSa5cITVqTguFbr6PiiA,autodesk-bim360-issue,issue,e9ca68ee-5124-4ffb-acfb-f3acac0f8d62,2024-11-07 06:28:59.48179,,f,f
60844ec8-1755-47a1-a106-1cc9a6c26e18,af8b83a7-47eb-4049-9275-c86b659a4b79,527380d3-00be-4591-8709-04c23fc8e918,autodesk-bim360-issue,issue,aeb2af7c-e0ba-4a25-8576-c4a4b0102e7d,autodesk-construction-form,form,faccf0cf-e9e1-4508-89e2-5f8fb736354c,2024-12-16 06:13:23.752429,,f,f
60844ec8-1755-47a1-a106-1cc9a6c26e18,af8b83a7-47eb-4049-9275-c86b659a4b79,ae639016-acd3-488f-9d3f-1a8d412675b4,autodesk-bim360-issue,issue,f0a4a1f5-557d-41f6-9895-0a8cc357e3fb,autodesk-construction-form,form,faccf0cf-e9e1-4508-89e2-5f8fb736354c,2024-12-16 06:24:06.929091,,f,f
60844ec8-1755-47a1-a106-1cc9a6c26e18,af8b83a7-47eb-4049-9275-c86b659a4b79,d6e2c23d-036c-4cbc-8334-d6c7fc97b27b,autodesk-construction-form,formfield,urn:adsk:form.field:faccf0cf-e9e1-4508-89e2-5f8fb736354c/91c82b49-0778-43dd-9b8b-45fa898da692,autodesk-bim360-issue,issue,113f6225-1693-4a50-ae04-fffbb358a6b0,2024-12-16 10:22:10.117789,2025-01-17 04:08:37.257857,t,f
60844ec8-1755-47a1-a106-1cc9a6c26e18,af8b83a7-47eb-4049-9275-c86b659a4b79,6fc2f296-6901-4599-ab27-4360e09ae733,autodesk-bim360-issue,issue,6c96e880-d575-4fc5-8125-07fbc09caca9,autodesk-construction-form,formfield,urn:adsk:form.field:faccf0cf-e9e1-4508-89e2-5f8fb736354c/d6ad8d27-b38e-41a4-90be-8fd14ded69cd,2024-12-16 10:22:10.847533,2025-01-17 04:08:37.303158,t,f
60844ec8-1755-47a1-a106-1cc9a6c26e18,af8b83a7-47eb-4049-9275-c86b659a4b79,1fdbbaf2-2da4-4d20-8ed0-c706bb5b2b5f,autodesk-bim360-issue,issue,8ae1b32c-dfbe-4da8-82aa-758aea9cad73,autodesk-construction-form,formfield,urn:adsk:form.field:faccf0cf-e9e1-4508-89e2-5f8fb736354c/d6ad8d27-b38e-41a4-90be-8fd14ded69cd,2024-12-16 10:22:47.352395,,f,f
60844ec8-1755-47a1-a106-1cc9a6c26e18,af8b83a7-47eb-4049-9275-c86b659a4b79,656bbe0f-16bd-4397-8ef4-f653fe5ffe87,autodesk-bim360-issue,issue,bf3508fb-2bdf-410d-b36d-403916c8e2a5,autodesk-construction-form,formfield,urn:adsk:form.field:faccf0cf-e9e1-4508-89e2-5f8fb736354c/91c82b49-0778-43dd-9b8b-45fa898da692,2024-12-16 10:28:55.9428,,f,f
60844ec8-1755-47a1-a106-1cc9a6c26e18,af8b83a7-47eb-4049-9275-c86b659a4b79,d2ac715b-2366-4f69-bfa4-1e8d5b8e51ee,autodesk-bim360-issue,issue,726ef1cf-26ea-4acd-99d4-aeb5f59bbd0d,autodesk-construction-form,formfield,urn:adsk:form.field:faccf0cf-e9e1-4508-89e2-5f8fb736354c/d6ad8d27-b38e-41a4-90be-8fd14ded69cd,2024-12-16 10:28:56.687687,,f,f
60844ec8-1755-47a1-a106-1cc9a6c26e18,af8b83a7-47eb-4049-9275-c86b659a4b79,f9af6688-5819-474b-85d5-d0635cdeea11,autodesk-bim360-issue,issue,db07c005-7c50-4897-9423-a5c03241c138,autodesk-construction-markup,markupdocument,urn:adsk.wipprod:fs.file:vf.64PnRVT3RLONHZSnCTO_cg?version=2,2024-12-04 08:07:19.037912,,f,t
60844ec8-1755-47a1-a106-1cc9a6c26e18,af8b83a7-47eb-4049-9275-c86b659a4b79,ca0dd4db-4e35-411c-badd-0c0bfdac7786,autodesk-construction-markup,markup,77bd2df3-915d-48ed-9655-b31acc78ca69,autodesk-bim360-issue,issue,db07c005-7c50-4897-9423-a5c03241c138,2024-12-04 08:07:19.223047,,f,t
60844ec8-1755-47a1-a106-1cc9a6c26e18,af8b83a7-47eb-4049-9275-c86b659a4b79,b4bd08f0-2128-448e-a7c6-844c5da92044,autodesk-construction-form,form,9e0508e3-fd91-4723-8d03-ad2cf46de799,autodesk-construction-photo,photo,c8fb3909-862d-4b93-8b77-3e03afaec214,2024-12-09 04:55:36.259291,,f,f
60844ec8-1755-47a1-a106-1cc9a6c26e18,af8b83a7-47eb-4049-9275-c86b659a4b79,604221a3-65f8-461e-9cbd-315a42048ad6,autodesk-construction-form,form,55a60afd-3bfd-43e5-9a29-8d5c2ac6ed86,autodesk-construction-photo,photo,c8fb3909-862d-4b93-8b77-3e03afaec214,2024-12-09 05:41:25.414574,2024-12-11 21:26:40.239666,t,f
60844ec8-1755-47a1-a106-1cc9a6c26e18,af8b83a7-47eb-4049-9275-c86b659a4b79,211dd793-7c4f-455e-8c84-d220e0198758,autodesk-construction-form,form,3126b414-1787-4403-8c66-c3ab578cb7ff,autodesk-construction-photo,photo,c8fb3909-862d-4b93-8b77-3e03afaec214,2024-12-09 07:08:49.899759,,f,t
60844ec8-1755-47a1-a106-1cc9a6c26e18,af8b83a7-47eb-4049-9275-c86b659a4b79,beb43590-ddfd-46b6-b787-eb4904614871,autodesk-construction-form,form,bc2d6641-be46-4eec-b1fa-c90b01fcfcbb,autodesk-construction-photo,photo,c8fb3909-862d-4b93-8b77-3e03afaec214,2024-12-11 11:52:53.208285,2024-12-11 20:57:02.793468,t,f
60844ec8-1755-47a1-a106-1cc9a6c26e18,af8b83a7-47eb-4049-9275-c86b659a4b79,5a977d4e-4c09-47d0-be1a-824a746ba506,autodesk-construction-form,form,3c01a90b-6b59-455c-ae70-db907900a6f6,autodesk-construction-photo,photo,a84e7eae-68fc-4484-8d13-f6541401c0b4,2024-12-11 20:48:15.594969,2024-12-11 20:56:57.257672,t,t
60844ec8-1755-47a1-a106-1cc9a6c26e18,af8b83a7-47eb-4049-9275-c86b659a4b79,d36a6693-1554-4f52-90eb-fdab77a366b1,autodesk-construction-photo,photo,aafd4b57-a086-440a-a373-3306a966eb80,autodesk-construction-form,form,faccf0cf-e9e1-4508-89e2-5f8fb736354c,2024-12-11 21:31:47.758655,2024-12-18 04:14:09.065267,t,t
60844ec8-1755-47a1-a106-1cc9a6c26e18,af8b83a7-47eb-4049-9275-c86b659a4b79,b66913e8-9e94-4a18-8fae-960d14dbedba,autodesk-construction-form,form,a242cb33-15f2-4bed-8097-ff9a1b9109e4,autodesk-construction-photo,photo,aafd4b57-a086-440a-a373-3306a966eb80,2024-12-17 04:00:15.035098,2024-12-18 04:14:12.713313,t,f
60844ec8-1755-47a1-a106-1cc9a6c26e18,af8b83a7-47eb-4049-9275-c86b659a4b79,552bf6c5-09ed-4aaf-8e5a-f8ce473e3643,autodesk-construction-photo,photo,aafd4b57-a086-440a-a373-3306a966eb80,autodesk-construction-form,form,c349a17d-13c2-4e1f-9a29-9c6cebb8af98,2024-12-18 09:44:41.86491,,f,f
60844ec8-1755-47a1-a106-1cc9a6c26e18,af8b83a7-47eb-4049-9275-c86b659a4b79,81d7fe89-e2bc-4b05-b601-fc7d460e5fe5,autodesk-construction-form,formfield,urn:adsk:form.field:faccf0cf-e9e1-4508-89e2-5f8fb736354c/91c82b49-0778-43dd-9b8b-45fa898da692,autodesk-bim360-issue,issue,3097101e-872b-47a7-aabd-c05a5b7d9558,2024-12-16 06:26:21.962002,2025-01-17 04:08:37.07682,t,f
60844ec8-1755-47a1-a106-1cc9a6c26e18,af8b83a7-47eb-4049-9275-c86b659a4b79,1ea8319a-5e73-435e-ad6f-2d7dc899bc3e,autodesk-bim360-issue,issue,8e8b4776-18bd-45b1-9346-e068805e5393,autodesk-construction-form,formfield,urn:adsk:form.field:faccf0cf-e9e1-4508-89e2-5f8fb736354c/d6ad8d27-b38e-41a4-90be-8fd14ded69cd,2024-12-16 06:26:22.643358,2025-01-17 04:08:37.122856,t,f
60844ec8-1755-47a1-a106-1cc9a6c26e18,af8b83a7-47eb-4049-9275-c86b659a4b79,77111dd8-3660-4bcc-a609-931e7c7ef157,autodesk-construction-form,formfield,urn:adsk:form.field:faccf0cf-e9e1-4508-89e2-5f8fb736354c/91c82b49-0778-43dd-9b8b-45fa898da692,autodesk-bim360-issue,issue,bf1bbb5f-0ee0-4a94-be73-8680abd3ab6f,2024-12-16 10:19:29.4704,2025-01-17 04:08:37.168642,t,f
60844ec8-1755-47a1-a106-1cc9a6c26e18,af8b83a7-47eb-4049-9275-c86b659a4b79,199417f8-dbcb-4634-847c-9825e13d2f62,autodesk-construction-form,formfield,urn:adsk:form.field:faccf0cf-e9e1-4508-89e2-5f8fb736354c/d6ad8d27-b38e-41a4-90be-8fd14ded69cd,autodesk-bim360-issue,issue,795d4b77-b320-4b64-9be6-3774f42efb4f,2024-12-16 10:19:30.036581,2025-01-17 04:08:37.21089,t,f
60844ec8-1755-47a1-a106-1cc9a6c26e18,af8b83a7-47eb-4049-9275-c86b659a4b79,7203b695-8593-4867-963c-5456f13a3bac,autodesk-bim360-issue,issue,34b8da60-25e7-41b7-82c4-65db31695c93,autodesk-construction-form,formfield,urn:adsk:form.field:faccf0cf-e9e1-4508-89e2-5f8fb736354c/91c82b49-0778-43dd-9b8b-45fa898da692,2024-12-16 10:22:46.643988,2025-01-17 04:08:37.347976,t,f
60844ec8-1755-47a1-a106-1cc9a6c26e18,af8b83a7-47eb-4049-9275-c86b659a4b79,a0fb98bb-edc7-4c5e-ab47-980ca8d146e1,autodesk-bim360-issue,issue,676c6222-2d52-4bcc-b403-cbb361b12e91,autodesk-construction-form,form,faccf0cf-e9e1-4508-89e2-5f8fb736354c,2024-12-16 06:13:23.184512,2025-01-17 04:08:46.252924,t,f
60844ec8-1755-47a1-a106-1cc9a6c26e18,af8b83a7-47eb-4049-9275-c86b659a4b79,97c032b5-8e98-487e-99e0-b7e7e5e24c70,autodesk-construction-form,formfield,urn:adsk:form.field:faccf0cf-e9e1-4508-89e2-5f8fb736354c/7bae71be-fd97-4d7f-ba24-3926c7b2f6b2,autodesk-bim360-issue,issue,be9d229d-53e5-4f3e-982a-96f3185323c3,2024-12-16 06:23:22.232324,2025-01-17 04:08:46.289573,t,f
60844ec8-1755-47a1-a106-1cc9a6c26e18,af8b83a7-47eb-4049-9275-c86b659a4b79,65993c09-5695-46eb-8479-40a1cfba890b,autodesk-bim360-issue,issue,dc37d490-c775-4ec7-a2cd-f0285bdc7ad3,autodesk-construction-form,form,faccf0cf-e9e1-4508-89e2-5f8fb736354c,2024-12-16 06:24:07.554379,2025-01-17 04:08:46.326534,t,f
60844ec8-1755-47a1-a106-1cc9a6c26e18,af8b83a7-47eb-4049-9275-c86b659a4b79,8367a26b-dffb-422e-a4d1-382de2a1fe99,autodesk-bim360-asset,asset,f1b07825-daac-4986-aa59-fdcd38a84914,autodesk-construction-form,form,c349a17d-13c2-4e1f-9a29-9c6cebb8af98,2025-01-17 08:07:34.563199,,f,f
60844ec8-1755-47a1-a106-1cc9a6c26e18,af8b83a7-47eb-4049-9275-c86b659a4b79,e6b18762-b8cc-4020-851a-6f7b54f479e7,autodesk-bim360-asset,asset,d2f08c36-999d-4d5a-8d5f-dac7b728f60a,autodesk-construction-form,form,59041f57-903a-4197-9a61-513a30754ba8,2025-01-17 08:31:25.035322,,f,f
60844ec8-1755-47a1-a106-1cc9a6c26e18,af8b83a7-47eb-4049-9275-c86b659a4b79,f01210a5-0a5c-4de7-b013-385258eb930a,autodesk-bim360-issue,issue,611a4f0e-0dbd-4dd2-9915-a24b748e1526,autodesk-bim360-asset,asset,d2f08c36-999d-4d5a-8d5f-dac7b728f60a,2025-01-17 08:51:49.777267,,f,f
60844ec8-1755-47a1-a106-1cc9a6c26e18,af8b83a7-47eb-4049-9275-c86b659a4b79,99bdc78a-c0e7-413b-94c2-5571be0a3204,autodesk-bim360-asset,asset,d2f08c36-999d-4d5a-8d5f-dac7b728f60a,autodesk-bim360-issue,issue,847a6ad8-d6d2-4284-b9b7-559f43a26fe5,2025-01-17 08:51:50.328261,,f,f
60844ec8-1755-47a1-a106-1cc9a6c26e18,af8b83a7-47eb-4049-9275-c86b659a4b79,69ddcde6-053a-45b3-b8f2-54c3f54632ab,autodesk-construction-form,form,55bb58d5-4c45-46d1-8fd5-4c95a3bd0022,autodesk-bim360-asset,asset,20c5ae5a-3909-4a87-82f1-1aaab8303743,2025-01-17 10:04:17.707388,,f,f
60844ec8-1755-47a1-a106-1cc9a6c26e18,af8b83a7-47eb-4049-9275-c86b659a4b79,7f63bef7-f547-4631-a063-60aa91ba9aa2,autodesk-bim360-asset,asset,20c5ae5a-3909-4a87-82f1-1aaab8303743,autodesk-bim360-issue,issue,caa6ec8a-ec7c-460f-8b23-7bbdd6ddbf89,2025-01-17 10:19:21.720152,,f,f
60844ec8-1755-47a1-a106-1cc9a6c26e18,af8b83a7-47eb-4049-9275-c86b659a4b79,8324aa41-68d2-4d49-9c21-5f121ff3a4ce,autodesk-bim360-issue,issue,4a6f635c-5cae-43a9-9f50-394ec0772bda,autodesk-bim360-asset,asset,20c5ae5a-3909-4a87-82f1-1aaab8303743,2025-01-17 10:19:22.288307,,f,f
60844ec8-1755-47a1-a106-1cc9a6c26e18,af8b83a7-47eb-4049-9275-c86b659a4b79,5da6a0d3-fce6-4da2-837a-419cdce5b69f,autodesk-construction-form,form,c682d211-ad90-46c5-99e0-e4389489a68c,autodesk-construction-photo,photo,aafd4b57-a086-440a-a373-3306a966eb80,2025-01-17 11:09:08.217098,,f,f
60844ec8-1755-47a1-a106-1cc9a6c26e18,af8b83a7-47eb-4049-9275-c86b659a4b79,77c56453-e31f-4dca-8cda-e11a9c18e346,autodesk-construction-form,form,2ab9d01d-dfa3-4c9f-8b99-7aac41316122,autodesk-construction-photo,photo,aafd4b57-a086-440a-a373-3306a966eb80,2025-01-18 04:31:15.803437,,f,f
60844ec8-1755-47a1-a106-1cc9a6c26e18,af8b83a7-47eb-4049-9275-c86b659a4b79,bbea1d16-0edb-4790-a6fc-2d71ae4b8ad5,autodesk-bim360-issue,issue,4a6f635c-5cae-43a9-9f50-394ec0772bda,autodesk-bim360-cost,pco,88e09216-4d44-40d3-b021-29a64311cd97,2025-01-20 00:41:45.484774,2025-01-21 04:03:01.229612,t,f
60844ec8-1755-47a1-a106-1cc9a6c26e18,af8b83a7-47eb-4049-9275-c86b659a4b79,5983263f-cf24-4d2c-afca-1c6c0eabefb1,autodesk-bim360-cost,pco,88e09216-4d44-40d3-b021-29a64311cd97,autodesk-bim360-issue,issue,caa6ec8a-ec7c-460f-8b23-7bbdd6ddbf89,2025-01-20 00:41:45.915746,2025-01-21 04:03:01.229542,t,f
60844ec8-1755-47a1-a106-1cc9a6c26e18,af8b83a7-47eb-4049-9275-c86b659a4b79,83a4b575-a69b-41a6-aab7-5473b2dfe2e0,autodesk-bim360-cost,pco,88e09216-4d44-40d3-b021-29a64311cd97,autodesk-bim360-issue,issue,847a6ad8-d6d2-4284-b9b7-559f43a26fe5,2025-01-20 00:41:46.346413,2025-01-21 04:03:01.229423,t,f
60844ec8-1755-47a1-a106-1cc9a6c26e18,af8b83a7-47eb-4049-9275-c86b659a4b79,fe8f4cbd-0c04-4d1a-b479-c23ded7274ba,autodesk-bim360-cost,pco,88e09216-4d44-40d3-b021-29a64311cd97,autodesk-bim360-rfi,rfi,10b4ec58-1279-4886-a184-830d12c20eba,2025-01-20 00:41:46.916898,2025-01-21 04:03:01.228929,t,f
60844ec8-1755-47a1-a106-1cc9a6c26e18,af8b83a7-47eb-4049-9275-c86b659a4b79,3c6fb923-3266-4f16-ad05-b55cdb98bd87,autodesk-bim360-cost,pco,88e09216-4d44-40d3-b021-29a64311cd97,autodesk-bim360-rfi,rfi,4d9a66b8-08e7-4b0f-bf78-ce4e8ae9f7ad,2025-01-20 00:41:47.465776,2025-01-21 04:03:01.228451,t,f
60844ec8-1755-47a1-a106-1cc9a6c26e18,af8b83a7-47eb-4049-9275-c86b659a4b79,96b219a5-0adf-46b1-8c48-5063a00ceb9b,autodesk-bim360-issue,issue,7e5c4fc0-4ec9-4e01-96c0-435c80972ce8,autodesk-construction-markup,markupdocument,urn:adsk.wipprod:fs.file:vf.K0rEQEIlSj-d8oOKrdIYxw?version=4,2025-01-21 04:28:07.296081,,f,t
60844ec8-1755-47a1-a106-1cc9a6c26e18,af8b83a7-47eb-4049-9275-c86b659a4b79,3371c42e-f12c-4036-8733-94334778a14a,autodesk-bim360-issue,issue,7e5c4fc0-4ec9-4e01-96c0-435c80972ce8,autodesk-construction-markup,markup,158cb211-f85d-49a7-87c3-a56500d6ec40,2025-01-21 04:28:07.468557,,f,t
60844ec8-1755-47a1-a106-1cc9a6c26e18,af8b83a7-47eb-4049-9275-c86b659a4b79,d9f01212-c47d-488a-8498-d5db2c383e92,autodesk-bim360-cost,pco,11877494-904b-45cc-8541-1404f8ee30f4,autodesk-bim360-issue,issue,7e5c4fc0-4ec9-4e01-96c0-435c80972ce8,2025-01-21 04:12:58.136339,2025-01-21 04:49:51.334553,t,f
60844ec8-1755-47a1-a106-1cc9a6c26e18,af8b83a7-47eb-4049-9275-c86b659a4b79,c413f09e-fd9f-49df-acba-fbe93fa8b2f0,autodesk-bim360-cost,pco,11877494-904b-45cc-8541-1404f8ee30f4,autodesk-bim360-rfi,rfi,9585e512-3584-4ebd-a12c-4e8c01d76e54,2025-01-21 04:29:28.934664,2025-01-21 04:49:51.33439,t,f
60844ec8-1755-47a1-a106-1cc9a6c26e18,af8b83a7-47eb-4049-9275-c86b659a4b79,af89b1d1-a54e-48da-b511-2e1229b03f69,autodesk-bim360-issue,issue,7e5c4fc0-4ec9-4e01-96c0-435c80972ce8,autodesk-bim360-cost,pco,5c6f811f-2b0c-41b4-ae65-d8c22caea647,2025-01-21 04:57:00.52937,,f,f
60844ec8-1755-47a1-a106-1cc9a6c26e18,af8b83a7-47eb-4049-9275-c86b659a4b79,6a4dc1e7-aa91-4958-97af-5bd7af41bda7,autodesk-bim360-rfi,rfi,9585e512-3584-4ebd-a12c-4e8c01d76e54,autodesk-bim360-cost,pco,5c6f811f-2b0c-41b4-ae65-d8c22caea647,2025-01-21 04:57:02.218846,,f,f
60844ec8-1755-47a1-a106-1cc9a6c26e18,af8b83a7-47eb-4049-9275-c86b659a4b79,c1c2c307-100f-4247-a1b9-fec7e34a66a9,autodesk-bim360-asset,asset,63add636-d329-44d4-b1e3-5c496ab6d430,autodesk-bim360-issue,issue,485b4cc0-2a42-4339-a183-efead9dc61c9,2025-05-08 06:55:24.004814,,f,t
60844ec8-1755-47a1-a106-1cc9a6c26e18,af8b83a7-47eb-4049-9275-c86b659a4b79,21cb5f47-aea0-4cd1-9249-d26d9d5ba26b,autodesk-bim360-issue,issue,485b4cc0-2a42-4339-a183-efead9dc61c9,autodesk-bim360-asset,asset,17770098-8eb2-4f9d-86e9-b20e30331594,2025-05-08 06:55:24.008389,,f,t
60844ec8-1755-47a1-a106-1cc9a6c26e18,af8b83a7-47eb-4049-9275-c86b659a4b79,bb57b812-e5fc-48dc-a545-7f9103c7afcd,autodesk-bim360-issue,issue,485b4cc0-2a42-4339-a183-efead9dc61c9,autodesk-bim360-asset,asset,3dce01df-46af-4689-8ab0-ecaa7e6bc925,2025-05-08 06:55:24.011666,,f,t
60844ec8-1755-47a1-a106-1cc9a6c26e18,af8b83a7-47eb-4049-9275-c86b659a4b79,62c66bba-f46f-495f-8a3b-6922fdcf2967,autodesk-bim360-issue,issue,485b4cc0-2a42-4339-a183-efead9dc61c9,autodesk-bim360-asset,asset,bec0fa91-592f-46f0-8949-b7ea1899640e,2025-05-08 06:55:24.01819,,f,t
60844ec8-1755-47a1-a106-1cc9a6c26e18,af8b83a7-47eb-4049-9275-c86b659a4b79,3ab04d64-dded-4b8f-a4d0-55ea04de2442,autodesk-construction-schedule,activity,7e19db82-c0a4-42a6-a316-110e8e4017c4-25,autodesk-bim360-issue,issue,485b4cc0-2a42-4339-a183-efead9dc61c9,2025-05-08 06:56:04.96456,,f,t
60844ec8-1755-47a1-a106-1cc9a6c26e18,af8b83a7-47eb-4049-9275-c86b659a4b79,2f62aaeb-7a42-49d2-99fe-f9b995e7b76e,autodesk-bim360-issue,issue,526a3993-24ca-498f-ab92-23a3f5d01a38,autodesk-construction-markup,markupdocument,urn:adsk.wipprod:fs.file:vf.K0rEQEIlSj-d8oOKrdIYxw?version=4,2025-06-29 10:10:55.15838,,f,t
60844ec8-1755-47a1-a106-1cc9a6c26e18,af8b83a7-47eb-4049-9275-c86b659a4b79,a3f02caf-6d3c-4be8-b04a-60cc3999558c,autodesk-construction-markup,markup,c089ce66-a02d-4af5-b996-a350040fe05e,autodesk-bim360-issue,issue,526a3993-24ca-498f-ab92-23a3f5d01a38,2025-06-29 10:10:55.164742,,f,t
60844ec8-1755-47a1-a106-1cc9a6c26e18,af8b83a7-47eb-4049-9275-c86b659a4b79,f539ecce-8894-4bd7-9058-9795c72fc0df,autodesk-construction-markup,markupdocument,urn:adsk.wipprod:fs.file:vf.K0rEQEIlSj-d8oOKrdIYxw?version=4,autodesk-bim360-issue,issue,cb740bd2-dafc-4492-a7f9-b3eeaa8f652c,2025-06-29 10:11:39.819741,,f,t
60844ec8-1755-47a1-a106-1cc9a6c26e18,af8b83a7-47eb-4049-9275-c86b659a4b79,5e8ccf05-7baf-4e5e-a590-35671a34d1a9,autodesk-construction-markup,markup,b43e4214-582b-4844-9886-ab921761a6ab,autodesk-bim360-issue,issue,cb740bd2-dafc-4492-a7f9-b3eeaa8f652c,2025-06-29 10:11:39.821843,,f,t
60844ec8-1755-47a1-a106-1cc9a6c26e18,af8b83a7-47eb-4049-9275-c86b659a4b79,25b9f575-b02c-4962-b6af-e03c2ec63ed0,autodesk-bim360-issue,issue,00a8373c-8c20-4fc6-99f2-a43edd499b9d,autodesk-construction-markup,markupdocument,urn:adsk.wipprod:fs.file:vf.AB4SQHjvTsyA0cWY6syAvA?version=1,2025-05-09 05:13:01.191567,2025-06-29 12:00:08.211022,t,t
60844ec8-1755-47a1-a106-1cc9a6c26e18,af8b83a7-47eb-4049-9275-c86b659a4b79,40154987-ee8e-4266-ad9b-1e05a17c487b,autodesk-construction-markup,markup,0bde5dbc-3fbf-4e13-98a8-cff234715dfb,autodesk-bim360-issue,issue,00a8373c-8c20-4fc6-99f2-a43edd499b9d,2025-05-09 05:13:01.194367,2025-06-29 12:00:08.211548,t,t
60844ec8-1755-47a1-a106-1cc9a6c26e18,af8b83a7-47eb-4049-9275-c86b659a4b79,d66492c5-894b-4a57-8577-4a5e5feffbb6,autodesk-bim360-issue,issue,04e4ab7c-308d-4ffd-ae9a-e3058807e791,autodesk-construction-markup,markupdocument,urn:adsk.wipprod:fs.file:vf.K0rEQEIlSj-d8oOKrdIYxw?version=4,2025-06-29 12:01:02.386464,,f,t
60844ec8-1755-47a1-a106-1cc9a6c26e18,af8b83a7-47eb-4049-9275-c86b659a4b79,2038f778-6037-4347-b1a1-c3240a97f1f0,autodesk-bim360-issue,issue,04e4ab7c-308d-4ffd-ae9a-e3058807e791,autodesk-construction-markup,markup,14e29201-82ce-4375-bf19-d7d407b5354f,2025-06-29 12:01:02.387806,,f,t
60844ec8-1755-47a1-a106-1cc9a6c26e18,af8b83a7-47eb-4049-9275-c86b659a4b79,a97fa3ba-6a51-497f-9599-5a89ac03bada,autodesk-bim360-issue,issue,adc8af62-e8a3-4d18-bddf-c087f470c803,autodesk-construction-markup,markupdocument,urn:adsk.wipprod:fs.file:vf.K0rEQEIlSj-d8oOKrdIYxw?version=4,2025-07-14 05:01:44.414664,,f,t
60844ec8-1755-47a1-a106-1cc9a6c26e18,af8b83a7-47eb-4049-9275-c86b659a4b79,16423f26-8ac5-413a-a8b4-c0b8c77d6e34,autodesk-bim360-issue,issue,adc8af62-e8a3-4d18-bddf-c087f470c803,autodesk-construction-markup,markup,a4e61ee0-ab18-4e05-a60d-89ffd4f5fc82,2025-07-14 05:01:44.420488,,f,t
60844ec8-1755-47a1-a106-1cc9a6c26e18,af8b83a7-47eb-4049-9275-c86b659a4b79,743c7e33-6c73-4b96-bbfc-d6aab906367e,autodesk-bim360-issue,coordinationother,adc8af62-e8a3-4d18-bddf-c087f470c803,autodesk-bim360-modelcoordination,documentlineage,urn:adsk.wipprod:dm.lineage:K0rEQEIlSj-d8oOKrdIYxw#{3D},2025-07-14 05:01:45.684373,,f,t
60844ec8-1755-47a1-a106-1cc9a6c26e18,af8b83a7-47eb-4049-9275-c86b659a4b79,ab5bd316-51b3-4e0c-bca9-36166c025415,autodesk-bim360-issue,coordinationother,adc8af62-e8a3-4d18-bddf-c087f470c803,autodesk-bim360-modelcoordination,container,af8b83a7-47eb-4049-9275-c86b659a4b79,2025-07-14 05:01:45.688407,,f,t
60844ec8-1755-47a1-a106-1cc9a6c26e18,af8b83a7-47eb-4049-9275-c86b659a4b79,68e0f426-335c-49a0-b524-672a2d7769aa,autodesk-bim360-issue,coordinationother,adc8af62-e8a3-4d18-bddf-c087f470c803,autodesk-bim360-modelcoordination,scope,cd2f8c3a-e5be-46d5-8dfd-d6ada2475426,2025-07-14 05:01:45.693217,,f,t
60844ec8-1755-47a1-a106-1cc9a6c26e18,af8b83a7-47eb-4049-9275-c86b659a4b79,09f6d295-b14f-4a9d-9845-08e4e8d7fbb9,autodesk-bim360-issue,issue,a7656ea1-15f8-4221-8faf-212983ba12ea,autodesk-construction-markup,markupdocument,urn:adsk.wipprod:fs.file:vf.3Bf9b7qmRuCxkzZZvzZoqA?version=1,2025-10-09 05:06:48.406355,,f,t
60844ec8-1755-47a1-a106-1cc9a6c26e18,af8b83a7-47eb-4049-9275-c86b659a4b79,38a7b943-2dc2-4cc5-bc0c-fb3367fdc714,autodesk-construction-markup,markup,e2d24aa9-3f8f-4b3b-bb8c-fdfb65ef0a1f,autodesk-bim360-issue,issue,a7656ea1-15f8-4221-8faf-212983ba12ea,2025-10-09 05:06:48.410527,,f,t
60844ec8-1755-47a1-a106-1cc9a6c26e18,af8b83a7-47eb-4049-9275-c86b659a4b79,174e449d-d6b2-439d-9f6f-fc052701e920,autodesk-bim360-modelcoordination,documentlineage,urn:adsk.wipprod:dm.lineage:K0rEQEIlSj-d8oOKrdIYxw#{3D},autodesk-bim360-issue,coordination,a7656ea1-15f8-4221-8faf-212983ba12ea,2025-10-09 05:06:49.380914,,f,t
60844ec8-1755-47a1-a106-1cc9a6c26e18,af8b83a7-47eb-4049-9275-c86b659a4b79,beed7e05-606c-4e1d-aa40-d5939dcbdf8b,autodesk-bim360-modelcoordination,documentlineage,urn:adsk.wipprod:dm.lineage:3Bf9b7qmRuCxkzZZvzZoqA#{3D},autodesk-bim360-issue,coordination,a7656ea1-15f8-4221-8faf-212983ba12ea,2025-10-09 05:06:49.383951,,f,t
60844ec8-1755-47a1-a106-1cc9a6c26e18,af8b83a7-47eb-4049-9275-c86b659a4b79,6e941c3e-dd56-40a2-ac83-1cd03a1e576e,autodesk-bim360-documentmanagement,documentversion,urn:adsk.wipprod:dm.lineage:3Bf9b7qmRuCxkzZZvzZoqA?version=1,autodesk-bim360-issue,coordination,a7656ea1-15f8-4221-8faf-212983ba12ea,2025-10-09 05:06:49.388143,,f,t
60844ec8-1755-47a1-a106-1cc9a6c26e18,af8b83a7-47eb-4049-9275-c86b659a4b79,e123e116-314d-43da-9403-18e0c187699d,autodesk-bim360-modelcoordination,clashgroup,edec49b5-e2b6-4e74-a0a4-81cec5f47ca7,autodesk-bim360-issue,coordination,a7656ea1-15f8-4221-8faf-212983ba12ea,2025-10-09 05:06:49.391158,,f,t
60844ec8-1755-47a1-a106-1cc9a6c26e18,af8b83a7-47eb-4049-9275-c86b659a4b79,18d4dbcc-0da6-4ed9-a30b-731bb2ff4e88,autodesk-bim360-modelcoordination,scope,cd2f8c3a-e5be-46d5-8dfd-d6ada2475426,autodesk-bim360-issue,coordination,a7656ea1-15f8-4221-8faf-212983ba12ea,2025-10-09 05:06:49.393763,,f,t
60844ec8-1755-47a1-a106-1cc9a6c26e18,af8b83a7-47eb-4049-9275-c86b659a4b79,1d5a27a4-94e4-4da4-963f-4203e137489b,autodesk-bim360-issue,coordination,a7656ea1-15f8-4221-8faf-212983ba12ea,autodesk-bim360-modelcoordination,container,af8b83a7-47eb-4049-9275-c86b659a4b79,2025-10-09 05:06:49.396542,,f,t
60844ec8-1755-47a1-a106-1cc9a6c26e18,af8b83a7-47eb-4049-9275-c86b659a4b79,0a562fb6-aad4-4325-a2bf-9485f0e227ed,autodesk-bim360-issue,issue,a7656ea1-15f8-4221-8faf-212983ba12ea,autodesk-bim360-rfi,rfi,4d9a66b8-08e7-4b0f-bf78-ce4e8ae9f7ad,2025-10-09 05:07:12.069587,,f,t
60844ec8-1755-47a1-a106-1cc9a6c26e18,af8b83a7-47eb-4049-9275-c86b659a4b79,f4d23408-8ff7-4404-9cae-de67b8dba6c7,autodesk-bim360-rfi,rfi,6410951d-ed87-48cb-b18a-684982110087,autodesk-bim360-issue,issue,1d08c014-45bc-4683-9d1c-397cb66389f1,2025-10-09 13:07:07.507109,,f,f
60844ec8-1755-47a1-a106-1cc9a6c26e18,af8b83a7-47eb-4049-9275-c86b659a4b79,30dce88a-dc45-4aae-b912-958cc1fbcf3a,autodesk-bim360-issue,issue,7bcf0a8a-a834-4163-9a06-c3d5cf5df79f,autodesk-construction-markup,markupdocument,urn:adsk.wipprod:fs.file:vf.K0rEQEIlSj-d8oOKrdIYxw?version=4,2025-10-10 01:55:52.453757,,f,t
60844ec8-1755-47a1-a106-1cc9a6c26e18,af8b83a7-47eb-4049-9275-c86b659a4b79,eae35b8d-841f-471a-994d-8ae7030add34,autodesk-bim360-issue,issue,7bcf0a8a-a834-4163-9a06-c3d5cf5df79f,autodesk-construction-markup,markup,f59aeb20-7c35-4992-b612-4b406773530e,2025-10-10 01:55:52.460417,,f,t
60844ec8-1755-47a1-a106-1cc9a6c26e18,af8b83a7-47eb-4049-9275-c86b659a4b79,bf03c514-434d-4404-98d4-695039ec7249,autodesk-bim360-modelcoordination,documentlineage,urn:adsk.wipprod:dm.lineage:K0rEQEIlSj-d8oOKrdIYxw#{3D},autodesk-bim360-issue,coordination,7bcf0a8a-a834-4163-9a06-c3d5cf5df79f,2025-10-10 01:55:53.716665,,f,t
60844ec8-1755-47a1-a106-1cc9a6c26e18,af8b83a7-47eb-4049-9275-c86b659a4b79,806a3662-d297-4284-acb0-fd5eb58dcb12,autodesk-bim360-issue,coordination,7bcf0a8a-a834-4163-9a06-c3d5cf5df79f,autodesk-bim360-modelcoordination,documentlineage,urn:adsk.wipprod:dm.lineage:3Bf9b7qmRuCxkzZZvzZoqA#{3D},2025-10-10 01:55:53.721741,,f,t
60844ec8-1755-47a1-a106-1cc9a6c26e18,af8b83a7-47eb-4049-9275-c86b659a4b79,2c63e477-77d7-427a-8197-0a1480cb1b61,autodesk-bim360-issue,coordination,7bcf0a8a-a834-4163-9a06-c3d5cf5df79f,autodesk-bim360-documentmanagement,documentversion,urn:adsk.wipprod:dm.lineage:K0rEQEIlSj-d8oOKrdIYxw?version=4,2025-10-10 01:55:53.723675,,f,t
60844ec8-1755-47a1-a106-1cc9a6c26e18,af8b83a7-47eb-4049-9275-c86b659a4b79,c8f45225-bccc-40b6-a806-f2678833e536,autodesk-bim360-issue,coordination,7bcf0a8a-a834-4163-9a06-c3d5cf5df79f,autodesk-bim360-modelcoordination,clashgroup,22b2f247-9727-46e9-a010-858ebb5a9501,2025-10-10 01:55:53.725578,,f,t
60844ec8-1755-47a1-a106-1cc9a6c26e18,af8b83a7-47eb-4049-9275-c86b659a4b79,7989cf1e-3151-4044-af09-d095a0e9523e,autodesk-bim360-issue,coordination,7bcf0a8a-a834-4163-9a06-c3d5cf5df79f,autodesk-bim360-modelcoordination,scope,cd2f8c3a-e5be-46d5-8dfd-d6ada2475426,2025-10-10 01:55:53.727615,,f,t
60844ec8-1755-47a1-a106-1cc9a6c26e18,af8b83a7-47eb-4049-9275-c86b659a4b79,0fbbd488-4fc0-4790-9587-e8e9cd0de42e,autodesk-bim360-issue,coordination,7bcf0a8a-a834-4163-9a06-c3d5cf5df79f,autodesk-bim360-modelcoordination,container,af8b83a7-47eb-4049-9275-c86b659a4b79,2025-10-10 01:55:53.729348,,f,t
60844ec8-1755-47a1-a106-1cc9a6c26e18,af8b83a7-47eb-4049-9275-c86b659a4b79,7a651e37-9bba-4893-b5a8-2cf7001b249a,autodesk-bim360-issue,issue,a7656ea1-15f8-4221-8faf-212983ba12ea,autodesk-bim360-rfi,rfi,f7e70b90-583b-494e-857f-4fd2b2e97041,2025-10-10 06:40:32.352809,,f,t
60844ec8-1755-47a1-a106-1cc9a6c26e18,af8b83a7-47eb-4049-9275-c86b659a4b79,772abd5d-adaa-4c58-9ed9-d216f25c3926,autodesk-bim360-issue,issue,7bcf0a8a-a834-4163-9a06-c3d5cf5df79f,autodesk-bim360-rfi,rfi,4d9a66b8-08e7-4b0f-bf78-ce4e8ae9f7ad,2025-10-10 07:30:08.030469,,f,f
60844ec8-1755-47a1-a106-1cc9a6c26e18,af8b83a7-47eb-4049-9275-c86b659a4b79,d7d4e948-98b0-4604-896b-e9f269a28871,autodesk-bim360-issue,issue,1d08c014-45bc-4683-9d1c-397cb66389f1,autodesk-bim360-rfi,rfi,4d9a66b8-08e7-4b0f-bf78-ce4e8ae9f7ad,2025-10-10 07:39:03.670574,,f,f
60844ec8-1755-47a1-a106-1cc9a6c26e18,af8b83a7-47eb-4049-9275-c86b659a4b79,71df9ed4-94c0-4f1e-a146-b625c05ef506,autodesk-construction-form,form,15a4b010-2407-415b-8bfd-46f7cb47f9d7,autodesk-bim360-issue,issue,7bcf0a8a-a834-4163-9a06-c3d5cf5df79f,2025-10-14 00:17:52.057132,,f,t
60844ec8-1755-47a1-a106-1cc9a6c26e18,af8b83a7-47eb-4049-9275-c86b659a4b79,090d2b60-72b1-4295-8134-c030fd7336ed,autodesk-bim360-issue,issue,7bcf0a8a-a834-4163-9a06-c3d5cf5df79f,autodesk-bim360-asset,asset,20c5ae5a-3909-4a87-82f1-1aaab8303743,2025-10-14 00:19:06.079296,,f,t
60844ec8-1755-47a1-a106-1cc9a6c26e18,af8b83a7-47eb-4049-9275-c86b659a4b79,0492a20a-4ad3-45d5-b856-bed868d8b60e,autodesk-bim360-issue,issue,7bcf0a8a-a834-4163-9a06-c3d5cf5df79f,autodesk-construction-correspondence,thread,0ae3b469-7dfb-4ae7-86fc-1ddbf98a8331,2025-10-14 00:24:15.367972,,f,t
60844ec8-1755-47a1-a106-1cc9a6c26e18,af8b83a7-47eb-4049-9275-c86b659a4b79,a3102acd-2efa-4b05-9cce-6595dd0165ec,autodesk-construction-schedule,activity,7e19db82-c0a4-42a6-a316-110e8e4017c4-275,autodesk-bim360-issue,issue,7bcf0a8a-a834-4163-9a06-c3d5cf5df79f,2025-10-14 00:24:48.376125,,f,t
60844ec8-1755-47a1-a106-1cc9a6c26e18,af8b83a7-47eb-4049-9275-c86b659a4b79,bc35b1ec-de01-4339-a311-d193b05168c0,autodesk-bim360-issue,issue,7bcf0a8a-a834-4163-9a06-c3d5cf5df79f,autodesk-bim360-cost,pco,5c6f811f-2b0c-41b4-ae65-d8c22caea647,2025-10-14 00:25:15.456186,,f,t
60844ec8-1755-47a1-a106-1cc9a6c26e18,af8b83a7-47eb-4049-9275-c86b659a4b79,8b3c2c2b-36b2-4a6e-b4ea-147fee8f038d,autodesk-bim360-issue,issue,1de33f79-1122-418d-a37c-b9ae1f54e2a9,autodesk-bim360-issue,issue,53a4ffef-03af-424c-8ed0-224658043e2f,2025-12-12 02:55:08.091666,,f,f
60844ec8-1755-47a1-a106-1cc9a6c26e18,af8b83a7-47eb-4049-9275-c86b659a4b79,4d22ecc2-884f-486f-a6b3-86b667eb7d13,autodesk-bim360-issue,issue,53a4ffef-03af-424c-8ed0-224658043e2f,autodesk-bim360-issue,issue,66787908-0747-4fb4-b281-b165a2918288,2025-12-12 02:55:08.740854,,f,f
60844ec8-1755-47a1-a106-1cc9a6c26e18,af8b83a7-47eb-4049-9275-c86b659a4b79,7803b7ca-8430-449b-9c21-355fc7191375,autodesk-bim360-issue,issue,7d3194b7-212b-404e-8ab0-ed24876afc1e,autodesk-bim360-issue,issue,af884dcd-104d-4ad2-8f36-71bd373b0f6c,2025-12-15 04:57:03.985709,2025-12-15 04:57:25.545492,t,f
60844ec8-1755-47a1-a106-1cc9a6c26e18,af8b83a7-47eb-4049-9275-c86b659a4b79,5eaa11d3-fdfa-4e4f-a33c-76de62efce13,autodesk-bim360-issue,issue,fc51a525-c50a-47cd-b58a-817c77e96b20,autodesk-bim360-issue,issue,af884dcd-104d-4ad2-8f36-71bd373b0f6c,2025-12-15 06:29:57.640148,,f,f
60844ec8-1755-47a1-a106-1cc9a6c26e18,af8b83a7-47eb-4049-9275-c86b659a4b79,4c3813d9-1351-42e3-9f46-5d00ec3157db,autodesk-bim360-issue,issue,b1924105-e777-49c1-9551-a1fe681f2c08,autodesk-bim360-issue,issue,af884dcd-104d-4ad2-8f36-71bd373b0f6c,2025-12-15 06:29:58.027937,,f,f
60844ec8-1755-47a1-a106-1cc9a6c26e18,af8b83a7-47eb-4049-9275-c86b659a4b79,a4de72e3-b5b4-418e-a712-e82259e39370,autodesk-bim360-rfi,rfi,53bab9c3-4458-4e38-84b5-1735ea92d546,autodesk-bim360-issue,issue,7bcf0a8a-a834-4163-9a06-c3d5cf5df79f,2025-12-26 23:59:12.38933,2025-12-27 00:01:05.22409,t,f
60844ec8-1755-47a1-a106-1cc9a6c26e18,af8b83a7-47eb-4049-9275-c86b659a4b79,df032dbc-41e2-465c-86fb-f75f16dee768,autodesk-bim360-rfi,rfi,53bab9c3-4458-4e38-84b5-1735ea92d546,autodesk-bim360-issue,issue,1d08c014-45bc-4683-9d1c-397cb66389f1,2025-12-26 23:59:12.396813,2025-12-27 00:01:10.071069,t,f
60844ec8-1755-47a1-a106-1cc9a6c26e18,af8b83a7-47eb-4049-9275-c86b659a4b79,0f2d5c7a-b214-4daf-a228-33a9f2485100,autodesk-bim360-rfi,rfi,53bab9c3-4458-4e38-84b5-1735ea92d546,autodesk-bim360-issue,issue,af884dcd-104d-4ad2-8f36-71bd373b0f6c,2025-12-26 23:59:12.38683,2025-12-27 00:01:02.111648,t,f
60844ec8-1755-47a1-a106-1cc9a6c26e18,af8b83a7-47eb-4049-9275-c86b659a4b79,62bc4a2e-a771-4221-add8-6f1d148a9358,autodesk-bim360-rfi,rfi,53bab9c3-4458-4e38-84b5-1735ea92d546,autodesk-bim360-issue,issue,a7656ea1-15f8-4221-8faf-212983ba12ea,2025-12-26 23:59:12.394375,2025-12-27 00:01:07.980906,t,f
60844ec8-1755-47a1-a106-1cc9a6c26e18,af8b83a7-47eb-4049-9275-c86b659a4b79,34aed757-0b67-4b3c-9ebf-307268fd7c09,autodesk-construction-markup,markupdocument,urn:adsk.wipprod:fs.file:vf.LU5NESTSS6-g0HgwpmarBA?version=2,autodesk-bim360-issue,issue,70c6c25a-4e78-4bed-a64a-00eab9dd52c5,2025-12-31 09:06:12.149401,2025-12-31 09:09:30.69699,t,t
60844ec8-1755-47a1-a106-1cc9a6c26e18,af8b83a7-47eb-4049-9275-c86b659a4b79,24a056e5-0a32-4957-96b8-dfc97db23e0e,autodesk-bim360-issue,issue,70c6c25a-4e78-4bed-a64a-00eab9dd52c5,autodesk-construction-markup,markup,9483a9cf-4c14-4d50-9007-5526d7bf06cf,2025-12-31 09:06:12.153208,2025-12-31 09:09:30.696869,t,t
60844ec8-1755-47a1-a106-1cc9a6c26e18,af8b83a7-47eb-4049-9275-c86b659a4b79,54a65d31-d3d7-41fc-ba0e-b301d1cfd381,autodesk-construction-markup,markupdocument,urn:adsk.wipprod:fs.file:vf.LU5NESTSS6-g0HgwpmarBA?version=2,autodesk-bim360-issue,issue,a5422672-3995-4ff1-a207-6d8eff0d3efe,2025-12-31 09:12:59.074282,2025-12-31 09:13:08.073358,t,t
60844ec8-1755-47a1-a106-1cc9a6c26e18,af8b83a7-47eb-4049-9275-c86b659a4b79,d5911399-1ef1-4e9c-affc-5feb9ecd02fa,autodesk-construction-markup,markup,51f4068f-e46d-41d9-8dc9-2b39e8a8913d,autodesk-bim360-issue,issue,a5422672-3995-4ff1-a207-6d8eff0d3efe,2025-12-31 09:12:59.077781,2025-12-31 09:13:08.073216,t,t
60844ec8-1755-47a1-a106-1cc9a6c26e18,af8b83a7-47eb-4049-9275-c86b659a4b79,67a629e9-6686-41df-b8c5-cf96bbc3f6bc,autodesk-bim360-rfi,rfi,6410951d-ed87-48cb-b18a-684982110087,autodesk-bim360-issue,issue,a18f030d-ebef-48c7-9d69-132ca96af2ff,2026-01-03 00:51:44.241038,2026-01-03 00:52:23.500449,t,t
60844ec8-1755-47a1-a106-1cc9a6c26e18,af8b83a7-47eb-4049-9275-c86b659a4b79,21168c64-5865-49e8-b947-f9ac8d142e74,autodesk-bim360-issue,issue,d774f63b-c86b-4edc-860c-da36bdde9b7a,autodesk-bim360-rfi,rfi,6410951d-ed87-48cb-b18a-684982110087,2026-01-03 12:40:18.763834,,f,t
