id,bim360_account_id,bim360_project_id,native_form_id,rank,field_id,notes,name,svg_val,array_val,number_val,text_val,choice_val,toggle_val,date_val,description,item,quantity,unit,timespan,trade,headcount,company_id,role_id,ot_timespan,role_name,updated_at,updated_by,field_id_v2
1fc7ec4b-5fc7-4342-bdf6-5be5ad0536f4,60844ec8-1755-47a1-a106-1cc9a6c26e18,af8b83a7-47eb-4049-9275-c86b659a4b79,0950a393-f8ca-4ecc-9886-035484a695ff,,7bae71be-fd97-4d7f-ba24-3926c7b2f6b2,0:01 There are some fine cracks visible in the concrete.,,,,,,,0,,,,,,,,,,,,,2025-01-18 05:33:05.25459,62bbd588dab66605d7418bdc,7bae71be-fd97-4d7f-ba24-3926c7b2f6b2
71b14b1d-1c6a-4a13-aa3d-f195a5ffb594,60844ec8-1755-47a1-a106-1cc9a6c26e18,af8b83a7-47eb-4049-9275-c86b659a4b79,0950a393-f8ca-4ecc-9886-035484a695ff,,91c82b49-0778-43dd-9b8b-45fa898da692,0:10 The joints are not sealed.,,,,,,,0,,,,,,,,,,,,,2025-01-18 05:33:05.254597,62bbd588dab66605d7418bdc,91c82b49-0778-43dd-9b8b-45fa898da692
b50f0019-11e1-423b-96d2-daaf8935a0ae,60844ec8-1755-47a1-a106-1cc9a6c26e18,af8b83a7-47eb-4049-9275-c86b659a4b79,0950a393-f8ca-4ecc-9886-035484a695ff,,d6ad8d27-b38e-41a4-90be-8fd14ded69cd,0:02 Several lifting lugs/tie rod holes are not filled.,,,,,,,0,,,,,,,,,,,,,2025-01-18 05:33:05.2546,62bbd588dab66605d7418bdc,d6ad8d27-b38e-41a4-90be-8fd14ded69cd
50e5ea20-d35a-41ed-996f-4feb735c94fc,60844ec8-1755-47a1-a106-1cc9a6c26e18,af8b83a7-47eb-4049-9275-c86b659a4b79,0950a393-f8ca-4ecc-9886-035484a695ff,,0c0eb95f-429c-4e99-b79e-57dc7b6be3a8,The render appears complete.,,,,,,,1,,,,,,,,,,,,,2025-01-18 05:33:05.254602,62bbd588dab66605d7418bdc,0c0eb95f-429c-4e99-b79e-57dc7b6be3a8
756cf94e-a384-4669-9e53-49b6222a0de5,60844ec8-1755-47a1-a106-1cc9a6c26e18,af8b83a7-47eb-4049-9275-c86b659a4b79,0950a393-f8ca-4ecc-9886-035484a695ff,,67a2b289-c352-4eff-a5fd-adc431b35a68,No major damage to the concrete is visible in this video.,,,,,,,2,,,,,,,,,,,,,2025-12-11 06:09:11.620842,62bbd588dab66605d7418bdc,67a2b289-c352-4eff-a5fd-adc431b35a68
2be259f8-3b1e-49f3-acce-b8b689cf83b0,60844ec8-1755-47a1-a106-1cc9a6c26e18,af8b83a7-47eb-4049-9275-c86b659a4b79,18b65d3b-5cfe-477c-aa36-51f96c09fc12,,b9111b1b-bf59-492d-9ae6-56de4eaf7c71,,,,,,,,1,,,,,,,,,,,,,2025-01-17 08:31:34.66999,62bbd588dab66605d7418bdc,b9111b1b-bf59-492d-9ae6-56de4eaf7c71
b4c75403-69a2-4654-a81a-ee36939108e3,60844ec8-1755-47a1-a106-1cc9a6c26e18,af8b83a7-47eb-4049-9275-c86b659a4b79,18b65d3b-5cfe-477c-aa36-51f96c09fc12,,d12fb0f0-914f-45cd-96b1-5190f2f2bc11,,,,,,,,1,,,,,,,,,,,,,2025-01-17 08:31:37.906287,62bbd588dab66605d7418bdc,d12fb0f0-914f-45cd-96b1-5190f2f2bc11
8671c09b-e667-4676-9160-b09bc1fb824e,60844ec8-1755-47a1-a106-1cc9a6c26e18,af8b83a7-47eb-4049-9275-c86b659a4b79,18b65d3b-5cfe-477c-aa36-51f96c09fc12,,3a7b06a0-eb77-4d5f-87e6-2ef0a4df4347,,,,,,,,1,,,,,,,,,,,,,2025-01-17 08:31:37.258098,62bbd588dab66605d7418bdc,3a7b06a0-eb77-4d5f-87e6-2ef0a4df4347
af16b4d0-8e75-4ba9-a09a-77618357d92f,60844ec8-1755-47a1-a106-1cc9a6c26e18,af8b83a7-47eb-4049-9275-c86b659a4b79,18b65d3b-5cfe-477c-aa36-51f96c09fc12,,701c7399-04eb-4855-a60e-6ac4cc16bb9c,,,,,,,,0,,,,,,,,,,,,,2025-01-17 08:31:34.106211,62bbd588dab66605d7418bdc,701c7399-04eb-4855-a60e-6ac4cc16bb9c
78f88036-4381-4027-bf0f-06169e6a5c82,60844ec8-1755-47a1-a106-1cc9a6c26e18,af8b83a7-47eb-4049-9275-c86b659a4b79,18b65d3b-5cfe-477c-aa36-51f96c09fc12,,0c80142c-b6e0-4172-958e-2ecaf360754d,,,,,,,,0,,,,,,,,,,,,,2025-01-17 08:31:38.610976,62bbd588dab66605d7418bdc,0c80142c-b6e0-4172-958e-2ecaf360754d
e8b25a89-53f9-482e-81fd-e7df423efe8e,60844ec8-1755-47a1-a106-1cc9a6c26e18,af8b83a7-47eb-4049-9275-c86b659a4b79,22256fde-615f-48c8-b3ca-e543b040ff04,,20918e22-2a9d-4999-8f87-e7c8fa5af111,,,,,,All materials received in good condition.,,,,,,,,,,,,,,,2025-07-25 01:16:10.475005,62bbd588dab66605d7418bdc,20918e22-2a9d-4999-8f87-e7c8fa5af111
bbcae31d-fbaf-439b-b8c6-4fab73b83cb9,60844ec8-1755-47a1-a106-1cc9a6c26e18,af8b83a7-47eb-4049-9275-c86b659a4b79,22256fde-615f-48c8-b3ca-e543b040ff04,,7ea58f7c-8cb0-4eb7-befb-224d00abc3ef,,,,,1200,,,,,,,,,,,,,,,,2025-07-25 01:15:00.888455,62bbd588dab66605d7418bdc,7ea58f7c-8cb0-4eb7-befb-224d00abc3ef
9d86c986-3d31-4530-9737-aeb7d28114cf,60844ec8-1755-47a1-a106-1cc9a6c26e18,af8b83a7-47eb-4049-9275-c86b659a4b79,22256fde-615f-48c8-b3ca-e543b040ff04,,9744d943-dc04-438c-84a7-2603f715cd02,,,,,,Perth Site Section A,,,,,,,,,,,,,,,2025-07-25 01:14:42.287846,62bbd588dab66605d7418bdc,9744d943-dc04-438c-84a7-2603f715cd02
07d4c794-7f7d-429a-8041-4d0ad3d788d0,60844ec8-1755-47a1-a106-1cc9a6c26e18,af8b83a7-47eb-4049-9275-c86b659a4b79,22256fde-615f-48c8-b3ca-e543b040ff04,,0386e156-165a-4bcc-ae31-65e27e0ba962,,,,,1250,,,,,,,,,,,,,,,,2025-07-25 01:15:44.834038,62bbd588dab66605d7418bdc,0386e156-165a-4bcc-ae31-65e27e0ba962
fa7963e3-d50e-4734-aeef-9c0e4706835c,60844ec8-1755-47a1-a106-1cc9a6c26e18,af8b83a7-47eb-4049-9275-c86b659a4b79,22256fde-615f-48c8-b3ca-e543b040ff04,,f888b158-2f9a-42f0-a7f6-7ba031d0fcf5,,,,,,RD-5678,,,,,,,,,,,,,,,2025-07-25 01:14:29.369434,62bbd588dab66605d7418bdc,f888b158-2f9a-42f0-a7f6-7ba031d0fcf5
f290aa43-9494-4af2-be15-f0da33f852ed,60844ec8-1755-47a1-a106-1cc9a6c26e18,af8b83a7-47eb-4049-9275-c86b659a4b79,22256fde-615f-48c8-b3ca-e543b040ff04,,464df91e-957e-4b1b-968e-d0a2a13a1d2a,,,,,50,,,,,,,,,,,,,,,,2025-07-25 01:15:22.334798,62bbd588dab66605d7418bdc,464df91e-957e-4b1b-968e-d0a2a13a1d2a
e1acc5c4-5259-458c-92f6-ecef4af162b5,60844ec8-1755-47a1-a106-1cc9a6c26e18,af8b83a7-47eb-4049-9275-c86b659a4b79,22256fde-615f-48c8-b3ca-e543b040ff04,,5c43fe37-b32c-4153-bc47-ee2c3fcfb7f3,,,,,,John Smith,,,,,,,,,,,,,,,2025-07-25 01:15:58.635736,62bbd588dab66605d7418bdc,5c43fe37-b32c-4153-bc47-ee2c3fcfb7f3
6a9bcd57-7243-4821-aeaf-86f9dc183b32,60844ec8-1755-47a1-a106-1cc9a6c26e18,af8b83a7-47eb-4049-9275-c86b659a4b79,27a57239-7c8c-4b58-95f4-2c221b4307df,,7bae71be-fd97-4d7f-ba24-3926c7b2f6b2,No visible cracks in the video provided,,,,,,,0,,,,,,,,,,,,,2024-12-10 23:30:48.021003,62bbd588dab66605d7418bdc,7bae71be-fd97-4d7f-ba24-3926c7b2f6b2
8faf85b2-70d6-48f3-ae86-ac2b4f0b0dc3,60844ec8-1755-47a1-a106-1cc9a6c26e18,af8b83a7-47eb-4049-9275-c86b659a4b79,2a0d9929-0a9a-4f52-873b-b4ec39950f12,,9744d943-dc04-438c-84a7-2603f715cd02,,,,,,Reinforcement,,,,,,,,,,,,,,,2025-04-01 02:48:09.153588,62bbd588dab66605d7418bdc,9744d943-dc04-438c-84a7-2603f715cd02
3f3bea62-d548-49a9-b8d6-1f9fbabf1449,60844ec8-1755-47a1-a106-1cc9a6c26e18,af8b83a7-47eb-4049-9275-c86b659a4b79,2a0d9929-0a9a-4f52-873b-b4ec39950f12,,7ea58f7c-8cb0-4eb7-befb-224d00abc3ef,,,,,10,,,,,,,,,,,,,,,,2025-04-01 02:48:09.163931,62bbd588dab66605d7418bdc,7ea58f7c-8cb0-4eb7-befb-224d00abc3ef
cc9bb537-5dba-4d66-ba7d-2bd76f859389,60844ec8-1755-47a1-a106-1cc9a6c26e18,af8b83a7-47eb-4049-9275-c86b659a4b79,2a0d9929-0a9a-4f52-873b-b4ec39950f12,,464df91e-957e-4b1b-968e-d0a2a13a1d2a,,,,,4,,,,,,,,,,,,,,,,2025-04-01 02:48:09.169265,62bbd588dab66605d7418bdc,464df91e-957e-4b1b-968e-d0a2a13a1d2a
7f1018ab-a411-461c-a5e4-d5f0e8810de3,60844ec8-1755-47a1-a106-1cc9a6c26e18,af8b83a7-47eb-4049-9275-c86b659a4b79,2a0d9929-0a9a-4f52-873b-b4ec39950f12,,0386e156-165a-4bcc-ae31-65e27e0ba962,,,,,14,,,,,,,,,,,,,,,,2025-04-01 02:48:09.174644,62bbd588dab66605d7418bdc,0386e156-165a-4bcc-ae31-65e27e0ba962
36c58c79-c759-45f3-8030-c524fc7648d7,60844ec8-1755-47a1-a106-1cc9a6c26e18,af8b83a7-47eb-4049-9275-c86b659a4b79,2a0d9929-0a9a-4f52-873b-b4ec39950f12,,5c43fe37-b32c-4153-bc47-ee2c3fcfb7f3,,,,,,Anthony,,,,,,,,,,,,,,,2025-04-01 02:48:09.180138,62bbd588dab66605d7418bdc,5c43fe37-b32c-4153-bc47-ee2c3fcfb7f3
7850055e-bc72-4e33-8c45-467934882f59,60844ec8-1755-47a1-a106-1cc9a6c26e18,af8b83a7-47eb-4049-9275-c86b659a4b79,2b5599b9-cb54-4629-9ec2-fd9248793c56,,f888b158-2f9a-42f0-a7f6-7ba031d0fcf5,,,,,,CX5GH7,,,,,,,,,,,,,,,2024-08-31 06:15:14.494821,62bbd588dab66605d7418bdc,f888b158-2f9a-42f0-a7f6-7ba031d0fcf5
7f15800f-8fee-43fe-aa22-af234ae1d589,60844ec8-1755-47a1-a106-1cc9a6c26e18,af8b83a7-47eb-4049-9275-c86b659a4b79,2b5599b9-cb54-4629-9ec2-fd9248793c56,,9744d943-dc04-438c-84a7-2603f715cd02,,,,,,"Level 7, Pour 2",,,,,,,,,,,,,,,2024-08-31 06:15:14.494824,62bbd588dab66605d7418bdc,9744d943-dc04-438c-84a7-2603f715cd02
c9cbb9fb-6758-4956-9e6c-6f7f07b4bb4c,60844ec8-1755-47a1-a106-1cc9a6c26e18,af8b83a7-47eb-4049-9275-c86b659a4b79,2b5599b9-cb54-4629-9ec2-fd9248793c56,,d0f9ec21-50e3-4c58-8326-470c4aba9d8b,,,,,,2024-08-15,,,,,,,,,,,,,,,2024-08-31 06:15:14.494827,62bbd588dab66605d7418bdc,d0f9ec21-50e3-4c58-8326-470c4aba9d8b
4651410d-ae11-469b-8cd4-c3d489a820e6,60844ec8-1755-47a1-a106-1cc9a6c26e18,af8b83a7-47eb-4049-9275-c86b659a4b79,2b5599b9-cb54-4629-9ec2-fd9248793c56,,7ea58f7c-8cb0-4eb7-befb-224d00abc3ef,,,,,94.8,,,,,,,,,,,,,,,,2024-08-31 06:15:14.494829,62bbd588dab66605d7418bdc,7ea58f7c-8cb0-4eb7-befb-224d00abc3ef
98ffddc3-9daa-4abf-ba5b-28151fea1380,60844ec8-1755-47a1-a106-1cc9a6c26e18,af8b83a7-47eb-4049-9275-c86b659a4b79,2b5599b9-cb54-4629-9ec2-fd9248793c56,,464df91e-957e-4b1b-968e-d0a2a13a1d2a,,,,,5.05,,,,,,,,,,,,,,,,2024-08-31 06:15:14.494832,62bbd588dab66605d7418bdc,464df91e-957e-4b1b-968e-d0a2a13a1d2a
d00e75e4-ab3d-4c88-aabf-79bbf8533051,60844ec8-1755-47a1-a106-1cc9a6c26e18,af8b83a7-47eb-4049-9275-c86b659a4b79,2b5599b9-cb54-4629-9ec2-fd9248793c56,,0386e156-165a-4bcc-ae31-65e27e0ba962,,,,,99.85,,,,,,,,,,,,,,,,2024-08-31 06:15:14.494834,62bbd588dab66605d7418bdc,0386e156-165a-4bcc-ae31-65e27e0ba962
ec397ccd-15ce-4569-a810-8c7a54b64d59,60844ec8-1755-47a1-a106-1cc9a6c26e18,af8b83a7-47eb-4049-9275-c86b659a4b79,2b5599b9-cb54-4629-9ec2-fd9248793c56,,5c43fe37-b32c-4153-bc47-ee2c3fcfb7f3,,,,,,Anthony,,,,,,,,,,,,,,,2024-08-31 06:15:14.494837,62bbd588dab66605d7418bdc,5c43fe37-b32c-4153-bc47-ee2c3fcfb7f3
d2500d72-bc3d-4df5-9418-d9ccf55fcb78,60844ec8-1755-47a1-a106-1cc9a6c26e18,af8b83a7-47eb-4049-9275-c86b659a4b79,3fb2abb2-01c5-4de9-95e0-3dc4f8985fa3,,f888b158-2f9a-42f0-a7f6-7ba031d0fcf5,,,,,,AXB32,,,,,,,,,,,,,,,2024-08-31 04:40:08.855165,62bbd588dab66605d7418bdc,f888b158-2f9a-42f0-a7f6-7ba031d0fcf5
3f752b3c-3097-43de-abc2-a81045b93df3,60844ec8-1755-47a1-a106-1cc9a6c26e18,af8b83a7-47eb-4049-9275-c86b659a4b79,3fb2abb2-01c5-4de9-95e0-3dc4f8985fa3,,9744d943-dc04-438c-84a7-2603f715cd02,,,,,,"Level 1, Pour 7",,,,,,,,,,,,,,,2024-08-31 04:40:08.855168,62bbd588dab66605d7418bdc,9744d943-dc04-438c-84a7-2603f715cd02
6c329017-5a81-474a-921e-ed9e3696bb2f,60844ec8-1755-47a1-a106-1cc9a6c26e18,af8b83a7-47eb-4049-9275-c86b659a4b79,3fb2abb2-01c5-4de9-95e0-3dc4f8985fa3,,7ea58f7c-8cb0-4eb7-befb-224d00abc3ef,,,,,2150,,,,,,,,,,,,,,,,2024-08-31 04:40:08.855173,62bbd588dab66605d7418bdc,7ea58f7c-8cb0-4eb7-befb-224d00abc3ef
31730a7d-6d85-419e-a208-af81db64944e,60844ec8-1755-47a1-a106-1cc9a6c26e18,af8b83a7-47eb-4049-9275-c86b659a4b79,3fb2abb2-01c5-4de9-95e0-3dc4f8985fa3,,464df91e-957e-4b1b-968e-d0a2a13a1d2a,,,,,45,,,,,,,,,,,,,,,,2024-08-31 04:40:08.855175,62bbd588dab66605d7418bdc,464df91e-957e-4b1b-968e-d0a2a13a1d2a
c8d58476-9f88-4927-a0a5-e63c7c49126d,60844ec8-1755-47a1-a106-1cc9a6c26e18,af8b83a7-47eb-4049-9275-c86b659a4b79,3fb2abb2-01c5-4de9-95e0-3dc4f8985fa3,,0386e156-165a-4bcc-ae31-65e27e0ba962,,,,,2195,,,,,,,,,,,,,,,,2024-08-31 04:40:08.85518,62bbd588dab66605d7418bdc,0386e156-165a-4bcc-ae31-65e27e0ba962
73880d36-5928-4f91-a884-3b60327c1777,60844ec8-1755-47a1-a106-1cc9a6c26e18,af8b83a7-47eb-4049-9275-c86b659a4b79,3fb2abb2-01c5-4de9-95e0-3dc4f8985fa3,,5c43fe37-b32c-4153-bc47-ee2c3fcfb7f3,,,,,,Anthony,,,,,,,,,,,,,,,2024-08-31 04:40:08.855184,62bbd588dab66605d7418bdc,5c43fe37-b32c-4153-bc47-ee2c3fcfb7f3
08f565a7-2cff-4efd-923b-bf02ead16e61,60844ec8-1755-47a1-a106-1cc9a6c26e18,af8b83a7-47eb-4049-9275-c86b659a4b79,3fb2abb2-01c5-4de9-95e0-3dc4f8985fa3,,d0f9ec21-50e3-4c58-8326-470c4aba9d8b,,,,,,"",,,2024-08-20,,,,,,,,,,,,2024-08-31 04:45:03.315979,62bbd588dab66605d7418bdc,d0f9ec21-50e3-4c58-8326-470c4aba9d8b
dfcff81e-7a63-4241-a554-761b9f0c9846,60844ec8-1755-47a1-a106-1cc9a6c26e18,af8b83a7-47eb-4049-9275-c86b659a4b79,43052e8a-813d-4aeb-8850-7184a5a5b4d1,,f888b158-2f9a-42f0-a7f6-7ba031d0fcf5,,,,,,CX5GH7,,,,,,,,,,,,,,,2024-08-31 06:00:10.675672,62bbd588dab66605d7418bdc,f888b158-2f9a-42f0-a7f6-7ba031d0fcf5
e62812fd-05a9-4f77-b397-286df9b0f7a4,60844ec8-1755-47a1-a106-1cc9a6c26e18,af8b83a7-47eb-4049-9275-c86b659a4b79,43052e8a-813d-4aeb-8850-7184a5a5b4d1,,9744d943-dc04-438c-84a7-2603f715cd02,,,,,,"Level 7, Pour 2",,,,,,,,,,,,,,,2024-08-31 06:00:10.675678,62bbd588dab66605d7418bdc,9744d943-dc04-438c-84a7-2603f715cd02
10a7723a-a6f0-42e9-a5c4-d5b762d1d5e4,60844ec8-1755-47a1-a106-1cc9a6c26e18,af8b83a7-47eb-4049-9275-c86b659a4b79,43052e8a-813d-4aeb-8850-7184a5a5b4d1,,d0f9ec21-50e3-4c58-8326-470c4aba9d8b,,,,,,2024-08-15,,,,,,,,,,,,,,,2024-08-31 06:00:10.675683,62bbd588dab66605d7418bdc,d0f9ec21-50e3-4c58-8326-470c4aba9d8b
ddd83c4e-e05f-4d2a-a51e-c4b7a0e3a873,60844ec8-1755-47a1-a106-1cc9a6c26e18,af8b83a7-47eb-4049-9275-c86b659a4b79,43052e8a-813d-4aeb-8850-7184a5a5b4d1,,7ea58f7c-8cb0-4eb7-befb-224d00abc3ef,,,,,361.2,,,,,,,,,,,,,,,,2024-08-31 06:00:10.675687,62bbd588dab66605d7418bdc,7ea58f7c-8cb0-4eb7-befb-224d00abc3ef
848b1437-23f1-4d14-8e2f-aaa643bbd656,60844ec8-1755-47a1-a106-1cc9a6c26e18,af8b83a7-47eb-4049-9275-c86b659a4b79,43052e8a-813d-4aeb-8850-7184a5a5b4d1,,464df91e-957e-4b1b-968e-d0a2a13a1d2a,,,,,5.05,,,,,,,,,,,,,,,,2024-08-31 06:00:10.675691,62bbd588dab66605d7418bdc,464df91e-957e-4b1b-968e-d0a2a13a1d2a
e4c6be0a-5da1-4fad-a092-c9279da9771d,60844ec8-1755-47a1-a106-1cc9a6c26e18,af8b83a7-47eb-4049-9275-c86b659a4b79,43052e8a-813d-4aeb-8850-7184a5a5b4d1,,0386e156-165a-4bcc-ae31-65e27e0ba962,,,,,366.25,,,,,,,,,,,,,,,,2024-08-31 06:00:10.675695,62bbd588dab66605d7418bdc,0386e156-165a-4bcc-ae31-65e27e0ba962
d287abb7-e653-4a5a-91db-497638dda578,60844ec8-1755-47a1-a106-1cc9a6c26e18,af8b83a7-47eb-4049-9275-c86b659a4b79,43052e8a-813d-4aeb-8850-7184a5a5b4d1,,5c43fe37-b32c-4153-bc47-ee2c3fcfb7f3,,,,,,Anthony,,,,,,,,,,,,,,,2024-08-31 06:00:10.6757,62bbd588dab66605d7418bdc,5c43fe37-b32c-4153-bc47-ee2c3fcfb7f3
e2a638a6-5964-4db2-9489-0e673098e540,60844ec8-1755-47a1-a106-1cc9a6c26e18,af8b83a7-47eb-4049-9275-c86b659a4b79,4cb922e9-b00a-4be2-92ba-5b815cbe6ff5,,20918e22-2a9d-4999-8f87-e7c8fa5af111,,,,,,N16 bars not delivered,,,,,,,,,,,,,,,2024-09-03 03:41:53.131897,62bbd588dab66605d7418bdc,20918e22-2a9d-4999-8f87-e7c8fa5af111
ac6bbacb-2382-43e2-8ade-87a842865f0d,60844ec8-1755-47a1-a106-1cc9a6c26e18,af8b83a7-47eb-4049-9275-c86b659a4b79,4cb922e9-b00a-4be2-92ba-5b815cbe6ff5,,f888b158-2f9a-42f0-a7f6-7ba031d0fcf5,,,,,,CX5GH77,,,,,,,,,,,,,,,2024-09-03 03:41:53.131882,62bbd588dab66605d7418bdc,f888b158-2f9a-42f0-a7f6-7ba031d0fcf5
1172a243-f1d3-429a-8a78-b0882e53ac88,60844ec8-1755-47a1-a106-1cc9a6c26e18,af8b83a7-47eb-4049-9275-c86b659a4b79,4cb922e9-b00a-4be2-92ba-5b815cbe6ff5,,9744d943-dc04-438c-84a7-2603f715cd02,,,,,,"Level 7, Pour 2",,,,,,,,,,,,,,,2024-09-03 03:41:53.131884,62bbd588dab66605d7418bdc,9744d943-dc04-438c-84a7-2603f715cd02
cd40a673-99d6-4c6f-a182-de666ef6e039,60844ec8-1755-47a1-a106-1cc9a6c26e18,af8b83a7-47eb-4049-9275-c86b659a4b79,4cb922e9-b00a-4be2-92ba-5b815cbe6ff5,,7ea58f7c-8cb0-4eb7-befb-224d00abc3ef,,,,,361,,,,,,,,,,,,,,,,2024-09-03 03:41:53.131887,62bbd588dab66605d7418bdc,7ea58f7c-8cb0-4eb7-befb-224d00abc3ef
e80bd55b-670b-4c47-9e9c-7a7874d3227d,60844ec8-1755-47a1-a106-1cc9a6c26e18,af8b83a7-47eb-4049-9275-c86b659a4b79,4cb922e9-b00a-4be2-92ba-5b815cbe6ff5,,464df91e-957e-4b1b-968e-d0a2a13a1d2a,,,,,5.05,,,,,,,,,,,,,,,,2024-09-03 03:41:53.131889,62bbd588dab66605d7418bdc,464df91e-957e-4b1b-968e-d0a2a13a1d2a
b9df3c42-4706-4887-b1ec-86698dbb97a9,60844ec8-1755-47a1-a106-1cc9a6c26e18,af8b83a7-47eb-4049-9275-c86b659a4b79,4cb922e9-b00a-4be2-92ba-5b815cbe6ff5,,0386e156-165a-4bcc-ae31-65e27e0ba962,,,,,366.25,,,,,,,,,,,,,,,,2024-09-03 03:41:53.131892,62bbd588dab66605d7418bdc,0386e156-165a-4bcc-ae31-65e27e0ba962
f5800bfd-fbd8-4c1e-8e4a-51cb41df87dc,60844ec8-1755-47a1-a106-1cc9a6c26e18,af8b83a7-47eb-4049-9275-c86b659a4b79,4cb922e9-b00a-4be2-92ba-5b815cbe6ff5,,5c43fe37-b32c-4153-bc47-ee2c3fcfb7f3,,,,,,Anthony,,,,,,,,,,,,,,,2024-09-03 03:41:53.131894,62bbd588dab66605d7418bdc,5c43fe37-b32c-4153-bc47-ee2c3fcfb7f3
91e82ca9-d66e-4a09-8f6e-3e75ffb24457,60844ec8-1755-47a1-a106-1cc9a6c26e18,af8b83a7-47eb-4049-9275-c86b659a4b79,67e33d1c-dcfe-4d3b-b297-eb954c49a461,,f888b158-2f9a-42f0-a7f6-7ba031d0fcf5,,,,,,CX5GH77,,,,,,,,,,,,,,,2024-08-31 06:36:37.220763,62bbd588dab66605d7418bdc,f888b158-2f9a-42f0-a7f6-7ba031d0fcf5
3dec9752-6249-4f34-acb0-7829e359defb,60844ec8-1755-47a1-a106-1cc9a6c26e18,af8b83a7-47eb-4049-9275-c86b659a4b79,67e33d1c-dcfe-4d3b-b297-eb954c49a461,,9744d943-dc04-438c-84a7-2603f715cd02,,,,,,"Level 7, Pour 2",,,,,,,,,,,,,,,2024-08-31 06:36:37.220767,62bbd588dab66605d7418bdc,9744d943-dc04-438c-84a7-2603f715cd02
02c3570d-f909-45f3-a178-8a15153bb5ae,60844ec8-1755-47a1-a106-1cc9a6c26e18,af8b83a7-47eb-4049-9275-c86b659a4b79,67e33d1c-dcfe-4d3b-b297-eb954c49a461,,7ea58f7c-8cb0-4eb7-befb-224d00abc3ef,,,,,361.2,,,,,,,,,,,,,,,,2024-08-31 06:36:37.220771,62bbd588dab66605d7418bdc,7ea58f7c-8cb0-4eb7-befb-224d00abc3ef
b89aa092-8296-4f80-8cbd-0b13d18e497e,60844ec8-1755-47a1-a106-1cc9a6c26e18,af8b83a7-47eb-4049-9275-c86b659a4b79,67e33d1c-dcfe-4d3b-b297-eb954c49a461,,464df91e-957e-4b1b-968e-d0a2a13a1d2a,,,,,5.05,,,,,,,,,,,,,,,,2024-08-31 06:36:37.220775,62bbd588dab66605d7418bdc,464df91e-957e-4b1b-968e-d0a2a13a1d2a
e3954afc-15b8-4ac5-b5ad-ca4ea0100e84,60844ec8-1755-47a1-a106-1cc9a6c26e18,af8b83a7-47eb-4049-9275-c86b659a4b79,67e33d1c-dcfe-4d3b-b297-eb954c49a461,,0386e156-165a-4bcc-ae31-65e27e0ba962,,,,,366.25,,,,,,,,,,,,,,,,2024-08-31 06:36:37.220779,62bbd588dab66605d7418bdc,0386e156-165a-4bcc-ae31-65e27e0ba962
2b90d19f-d67a-4b31-858b-1b2cb55036e3,60844ec8-1755-47a1-a106-1cc9a6c26e18,af8b83a7-47eb-4049-9275-c86b659a4b79,67e33d1c-dcfe-4d3b-b297-eb954c49a461,,5c43fe37-b32c-4153-bc47-ee2c3fcfb7f3,,,,,,Anthony,,,,,,,,,,,,,,,2024-08-31 06:36:37.220783,62bbd588dab66605d7418bdc,5c43fe37-b32c-4153-bc47-ee2c3fcfb7f3
cf9a9d97-b5d2-4d83-82e1-16bf3da7687e,60844ec8-1755-47a1-a106-1cc9a6c26e18,af8b83a7-47eb-4049-9275-c86b659a4b79,67e33d1c-dcfe-4d3b-b297-eb954c49a461,,20918e22-2a9d-4999-8f87-e7c8fa5af111,,,,,,The set of N16 bars was missing,,,,,,,,,,,,,,,2024-08-31 06:36:37.220787,62bbd588dab66605d7418bdc,20918e22-2a9d-4999-8f87-e7c8fa5af111
0c678b7d-cebe-4ab1-bfd1-de266c725ac9,60844ec8-1755-47a1-a106-1cc9a6c26e18,af8b83a7-47eb-4049-9275-c86b659a4b79,75af99f8-6484-e3eb-b219-7d91093e527e,,4b58a977-1d74-41eb-9e75-b0b6895cedf0,,Anthony Sertorio,PHN2ZyBoZWlnaHQ9IjIwMCIgdmlld0JveD0iMCAwIDU1MCAyMDAiIHdpZHRoPSI1NTAiIHhtbG5zPSJodHRwOi8vd3d3LnczLm9yZy8yMDAwL3N2ZyI+PHBhdGggZD0iTSAxOTcuMDAwLDI2LjAwMCBDIDE5MC41MDAsMjkuMDAwIDE4OS42ODMsMjcuNzM4IDE4NC4wMDAsMzIuMDAwIiBmaWxsPSJub25lIiBzdHJva2U9ImJsYWNrIiBzdHJva2UtbGluZWNhcD0icm91bmQiIHN0cm9rZS13aWR0aD0iMi4yNTAiPjwvcGF0aD48cGF0aCBkPSJNIDE4NC4wMDAsMzIuMDAwIEMgMTY3LjY4Myw0NC4yMzggMTY3LjkwNyw0NC44NzcgMTUzLjAwMCw1OS4wMDAiIGZpbGw9Im5vbmUiIHN0cm9rZT0iYmxhY2siIHN0cm9rZS1saW5lY2FwPSJyb3VuZCIgc3Ryb2tlLXdpZHRoPSIyLjI1MCI+PC9wYXRoPjxwYXRoIGQ9Ik0gMTUzLjAwMCw1OS4wMDAgQyAxMzkuNDA3LDcxLjg3NyAxMzkuNDU3LDcyLjAxNyAxMjcuMDAwLDg2LjAwMCIgZmlsbD0ibm9uZSIgc3Ryb2tlPSJibGFjayIgc3Ryb2tlLWxpbmVjYXA9InJvdW5kIiBzdHJva2Utd2lkdGg9IjIuMjUwIj48L3BhdGg+PHBhdGggZD0iTSAxMjcuMDAwLDg2LjAwMCBDIDExNC45NTcsOTkuNTE3IDExNC45ODEsOTkuNjAzIDEwNC4wMDAsMTE0LjAwMCIgZmlsbD0ibm9uZSIgc3Ryb2tlPSJibGFjayIgc3Ryb2tlLWxpbmVjYXA9InJvdW5kIiBzdHJva2Utd2lkdGg9IjIuMjUwIj48L3BhdGg+PHBhdGggZD0iTSAxMDQuMDAwLDExNC4wMDAgQyA5Mi40ODEsMTI5LjEwMyA5Mi42MDIsMTI5LjIzNCA4Mi4wMDAsMTQ1LjAwMCIgZmlsbD0ibm9uZSIgc3Ryb2tlPSJibGFjayIgc3Ryb2tlLWxpbmVjYXA9InJvdW5kIiBzdHJva2Utd2lkdGg9IjIuMjUwIj48L3BhdGg+PHBhdGggZD0iTSA4Mi4wMDAsMTQ1LjAwMCBDIDczLjEwMiwxNTguMjM0IDczLjA1MSwxNTguMjQ3IDY1LjAwMCwxNzIuMDAwIiBmaWxsPSJub25lIiBzdHJva2U9ImJsYWNrIiBzdHJva2UtbGluZWNhcD0icm91bmQiIHN0cm9rZS13aWR0aD0iMi4yNTAiPjwvcGF0aD48cGF0aCBkPSJNIDY1LjAwMCwxNzIuMDAwIEMgNjEuMDUxLDE3OC43NDcgNTguNzI5LDE4MS45OTMgNTguMDAwLDE4Ni4wMDAiIGZpbGw9Im5vbmUiIHN0cm9rZT0iYmxhY2siIHN0cm9rZS1saW5lY2FwPSJyb3VuZCIgc3Ryb2tlLXdpZHRoPSIyLjI1MCI+PC9wYXRoPjxwYXRoIGQ9Ik0gNTguMDAwLDE4Ni4wMDAgQyA1Ny43MjksMTg3LjQ5MyA2MC42NzMsMTg0Ljc0NSA2My4wMDAsMTgzLjAwMCIgZmlsbD0ibm9uZSIgc3Ryb2tlPSJibGFjayIgc3Ryb2tlLWxpbmVjYXA9InJvdW5kIiBzdHJva2Utd2lkdGg9IjIuMjUwIj48L3BhdGg+PHBhdGggZD0iTSA2My4wMDAsMTgzLjAwMCBDIDY4LjY3MywxNzguNzQ1IDY5LjIxMSwxNzkuMTg4IDc0LjAwMCwxNzQuMDAwIiBmaWxsPSJub25lIiBzdHJva2U9ImJsYWNrIiBzdHJva2UtbGluZWNhcD0icm91bmQiIHN0cm9rZS13aWR0aD0iMi4yNTAiPjwvcGF0aD48cGF0aCBkPSJNIDc0LjAwMCwxNzQuMDAwIEMgODEuMjExLDE2Ni4xODggODAuMjE1LDE2NS4yNjkgODcuMDAwLDE1Ny4wMDAiIGZpbGw9Im5vbmUiIHN0cm9rZT0iYmxhY2siIHN0cm9rZS1saW5lY2FwPSJyb3VuZCIgc3Ryb2tlLXdpZHRoPSIyLjI1MCI+PC9wYXRoPjxwYXRoIGQ9Ik0gODcuMDAwLDE1Ny4wMDAgQyA5Ni4yMTUsMTQ1Ljc2OSA5Ni41ODAsMTQ2LjA2OCAxMDYuMDAwLDEzNS4wMDAiIGZpbGw9Im5vbmUiIHN0cm9rZT0iYmxhY2siIHN0cm9rZS1saW5lY2FwPSJyb3VuZCIgc3Ryb2tlLXdpZHRoPSIyLjI1MCI+PC9wYXRoPjxwYXRoIGQ9Ik0gMTA2LjAwMCwxMzUuMDAwIEMgMTE2LjU4MCwxMjIuNTY4IDExNi4zNTYsMTIyLjM3NiAxMjcuMDAwLDExMC4wMDAiIGZpbGw9Im5vbmUiIHN0cm9rZT0iYmxhY2siIHN0cm9rZS1saW5lY2FwPSJyb3VuZCIgc3Ryb2tlLXdpZHRoPSIyLjI1MCI+PC9wYXRoPjxwYXRoIGQ9Ik0gMTI3LjAwMCwxMTAuMDAwIEMgMTM3Ljg1Niw5Ny4zNzYgMTM3LjkyMSw5Ny40MzAgMTQ5LjAwMCw4NS4wMDAiIGZpbGw9Im5vbmUiIHN0cm9rZT0iYmxhY2siIHN0cm9rZS1saW5lY2FwPSJyb3VuZCIgc3Ryb2tlLXdpZHRoPSIyLjI1MCI+PC9wYXRoPjxwYXRoIGQ9Ik0gMTQ5LjAwMCw4NS4wMDAgQyAxNTguNDIxLDc0LjQzMCAxNTguMDA1LDczLjk5NSAxNjguMDAwLDY0LjAwMCIgZmlsbD0ibm9uZSIgc3Ryb2tlPSJibGFjayIgc3Ryb2tlLWxpbmVjYXA9InJvdW5kIiBzdHJva2Utd2lkdGg9IjIuMjUwIj48L3BhdGg+PHBhdGggZD0iTSAxNjguMDAwLDY0LjAwMCBDIDE3NS4wMDUsNTYuOTk1IDE3NS4zNzgsNTcuMzUyIDE4My4wMDAsNTEuMDAwIiBmaWxsPSJub25lIiBzdHJva2U9ImJsYWNrIiBzdHJva2UtbGluZWNhcD0icm91bmQiIHN0cm9rZS13aWR0aD0iMi4yNTAiPjwvcGF0aD48cGF0aCBkPSJNIDE4My4wMDAsNTEuMDAwIEMgMTg3LjM3OCw0Ny4zNTIgMTg5Ljc0OSw0NC4zMjIgMTkyLjAwMCw0NC4wMDAiIGZpbGw9Im5vbmUiIHN0cm9rZT0iYmxhY2siIHN0cm9rZS1saW5lY2FwPSJyb3VuZCIgc3Ryb2tlLXdpZHRoPSIyLjI1MCI+PC9wYXRoPjxwYXRoIGQ9Ik0gMTkyLjAwMCw0NC4wMDAgQyAxOTMuMjQ5LDQzLjgyMiAxOTEuODIwLDQ3LjQ1MiAxOTAuMDAwLDUwLjAwMCIgZmlsbD0ibm9uZSIgc3Ryb2tlPSJibGFjayIgc3Ryb2tlLWxpbmVjYXA9InJvdW5kIiBzdHJva2Utd2lkdGg9IjIuMjUwIj48L3BhdGg+PHBhdGggZD0iTSAxOTAuMDAwLDUwLjAwMCBDIDE4MS44MjAsNjEuNDUyIDE4MC44NTAsNjAuODgxIDE3Mi4wMDAsNzIuMDAwIiBmaWxsPSJub25lIiBzdHJva2U9ImJsYWNrIiBzdHJva2UtbGluZWNhcD0icm91bmQiIHN0cm9rZS13aWR0aD0iMi4yNTAiPjwvcGF0aD48cGF0aCBkPSJNIDE3Mi4wMDAsNzIuMDAwIEMgMTYxLjM1MCw4NS4zODEgMTYxLjUzNCw4NS41MjYgMTUxLjAwMCw5OS4wMDAiIGZpbGw9Im5vbmUiIHN0cm9rZT0iYmxhY2siIHN0cm9rZS1saW5lY2FwPSJyb3VuZCIgc3Ryb2tlLXdpZHRoPSIyLjI1MCI+PC9wYXRoPjxwYXRoIGQ9Ik0gMTUxLjAwMCw5OS4wMDAgQyAxNDAuMDM0LDExMy4wMjYgMTM5Ljk1MCwxMTIuOTYxIDEyOS4wMDAsMTI3LjAwMCIgZmlsbD0ibm9uZSIgc3Ryb2tlPSJibGFjayIgc3Ryb2tlLWxpbmVjYXA9InJvdW5kIiBzdHJva2Utd2lkdGg9IjIuMjUwIj48L3BhdGg+PHBhdGggZD0iTSAxMjkuMDAwLDEyNy4wMDAgQyAxMjAuNDUwLDEzNy45NjEgMTIwLjQ1OCwxMzcuOTY4IDExMi4wMDAsMTQ5LjAwMCIgZmlsbD0ibm9uZSIgc3Ryb2tlPSJibGFjayIgc3Ryb2tlLWxpbmVjYXA9InJvdW5kIiBzdHJva2Utd2lkdGg9IjIuMjUwIj48L3BhdGg+PHBhdGggZD0iTSAxMTIuMDAwLDE0OS4wMDAgQyAxMDguOTU4LDE1Mi45NjggMTA0LjkxNSwxNTYuNzgzIDEwNi4wMDAsMTU3LjAwMCIgZmlsbD0ibm9uZSIgc3Ryb2tlPSJibGFjayIgc3Ryb2tlLWxpbmVjYXA9InJvdW5kIiBzdHJva2Utd2lkdGg9IjIuMjUwIj48L3BhdGg+PHBhdGggZD0iTSAxMDYuMDAwLDE1Ny4wMDAgQyAxMDcuNDE1LDE1Ny4yODMgMTExLjk4MywxNTQuMTIxIDExNy4wMDAsMTUwLjAwMCIgZmlsbD0ibm9uZSIgc3Ryb2tlPSJibGFjayIgc3Ryb2tlLWxpbmVjYXA9InJvdW5kIiBzdHJva2Utd2lkdGg9IjIuMjUwIj48L3BhdGg+PHBhdGggZD0iTSAxMTcuMDAwLDE1MC4wMDAgQyAxMjUuOTgzLDE0Mi42MjEgMTI1LjYzOCwxNDIuMTQyIDEzNC4wMDAsMTM0LjAwMCIgZmlsbD0ibm9uZSIgc3Ryb2tlPSJibGFjayIgc3Ryb2tlLWxpbmVjYXA9InJvdW5kIiBzdHJva2Utd2lkdGg9IjIuMjUwIj48L3BhdGg+PHBhdGggZD0iTSAxMzQuMDAwLDEzNC4wMDAgQyAxNDQuNjM4LDEyMy42NDIgMTQ0LjI3NiwxMjMuMjY3IDE1NS4wMDAsMTEzLjAwMCIgZmlsbD0ibm9uZSIgc3Ryb2tlPSJibGFjayIgc3Ryb2tlLWxpbmVjYXA9InJvdW5kIiBzdHJva2Utd2lkdGg9IjIuMjUwIj48L3BhdGg+PHBhdGggZD0iTSAxNTUuMDAwLDExMy4wMDAgQyAxNjcuNzc2LDEwMC43NjcgMTY3Ljc1MiwxMDAuNzE5IDE4MS4wMDAsODkuMDAwIiBmaWxsPSJub25lIiBzdHJva2U9ImJsYWNrIiBzdHJva2UtbGluZWNhcD0icm91bmQiIHN0cm9rZS13aWR0aD0iMi4yNTAiPjwvcGF0aD48cGF0aCBkPSJNIDE4MS4wMDAsODkuMDAwIEMgMTkzLjc1Miw3Ny43MTkgMTk0LjIwMyw3OC4yMzAgMjA3LjAwMCw2Ny4wMDAiIGZpbGw9Im5vbmUiIHN0cm9rZT0iYmxhY2siIHN0cm9rZS1saW5lY2FwPSJyb3VuZCIgc3Ryb2tlLXdpZHRoPSIyLjI1MCI+PC9wYXRoPjxwYXRoIGQ9Ik0gMjA3LjAwMCw2Ny4wMDAgQyAyMTguNzAzLDU2LjczMCAyMTguNDExLDU2LjQwMCAyMzAuMDAwLDQ2LjAwMCIgZmlsbD0ibm9uZSIgc3Ryb2tlPSJibGFjayIgc3Ryb2tlLWxpbmVjYXA9InJvdW5kIiBzdHJva2Utd2lkdGg9IjIuMjUwIj48L3BhdGg+PHBhdGggZD0iTSAyMzAuMDAwLDQ2LjAwMCBDIDIzNy45MTEsMzguOTAwIDIzOC4wMDAsMzkuMDAwIDI0Ni4wMDAsMzIuMDAwIiBmaWxsPSJub25lIiBzdHJva2U9ImJsYWNrIiBzdHJva2UtbGluZWNhcD0icm91bmQiIHN0cm9rZS13aWR0aD0iMi4yNTAiPjwvcGF0aD48cGF0aCBkPSJNIDI0Ni4wMDAsMzIuMDAwIEMgMjUwLjAwMCwyOC41MDAgMjUzLjc1OSwyNC41MTggMjU0LjAwMCwyNS4wMDAiIGZpbGw9Im5vbmUiIHN0cm9rZT0iYmxhY2siIHN0cm9rZS1saW5lY2FwPSJyb3VuZCIgc3Ryb2tlLXdpZHRoPSIyLjI1MCI+PC9wYXRoPjxwYXRoIGQ9Ik0gMjU0LjAwMCwyNS4wMDAgQyAyNTQuMjU5LDI1LjUxOCAyNTAuNjg3LDI5LjY1NCAyNDcuMDAwLDM0LjAwMCIgZmlsbD0ibm9uZSIgc3Ryb2tlPSJibGFjayIgc3Ryb2tlLWxpbmVjYXA9InJvdW5kIiBzdHJva2Utd2lkdGg9IjIuMjUwIj48L3BhdGg+PHBhdGggZD0iTSAyNDcuMDAwLDM0LjAwMCBDIDIzNi42ODcsNDYuMTU0IDIzNi4wMzQsNDUuNjE4IDIyNi4wMDAsNTguMDAwIiBmaWxsPSJub25lIiBzdHJva2U9ImJsYWNrIiBzdHJva2UtbGluZWNhcD0icm91bmQiIHN0cm9rZS13aWR0aD0iMi4yNTAiPjwvcGF0aD48cGF0aCBkPSJNIDIyNi4wMDAsNTguMDAwIEMgMjEyLjUzNCw3NC42MTggMjEyLjUyNiw3NC42NTcgMjAwLjAwMCw5Mi4wMDAiIGZpbGw9Im5vbmUiIHN0cm9rZT0iYmxhY2siIHN0cm9rZS1saW5lY2FwPSJyb3VuZCIgc3Ryb2tlLXdpZHRoPSIyLjI1MCI+PC9wYXRoPjxwYXRoIGQ9Ik0gMjAwLjAwMCw5Mi4wMDAgQyAxODYuNTI2LDExMC42NTcgMTg2Ljk1MywxMTAuOTY4IDE3NC4wMDAsMTMwLjAwMCIgZmlsbD0ibm9uZSIgc3Ryb2tlPSJibGFjayIgc3Ryb2tlLWxpbmVjYXA9InJvdW5kIiBzdHJva2Utd2lkdGg9IjIuMjUwIj48L3BhdGg+PHBhdGggZD0iTSAxNzQuMDAwLDEzMC4wMDAgQyAxNjIuNDUzLDE0Ni45NjggMTYyLjgwOCwxNDcuMjIwIDE1MS4wMDAsMTY0LjAwMCIgZmlsbD0ibm9uZSIgc3Ryb2tlPSJibGFjayIgc3Ryb2tlLWxpbmVjYXA9InJvdW5kIiBzdHJva2Utd2lkdGg9IjIuMjUwIj48L3BhdGg+PHBhdGggZD0iTSAxNTEuMDAwLDE2NC4wMDAgQyAxNDMuODA4LDE3NC4yMjAgMTM4LjQxMCwxNzkuODY5IDEzNi4wMDAsMTg0LjAwMCIgZmlsbD0ibm9uZSIgc3Ryb2tlPSJibGFjayIgc3Ryb2tlLWxpbmVjYXA9InJvdW5kIiBzdHJva2Utd2lkdGg9IjIuMjUwIj48L3BhdGg+PHBhdGggZD0iTSAxMzYuMDAwLDE4NC4wMDAgQyAxMzQuOTEwLDE4NS44NjkgMTQwLjA3NiwxODAuMDc0IDE0NC4wMDAsMTc2LjAwMCIgZmlsbD0ibm9uZSIgc3Ryb2tlPSJibGFjayIgc3Ryb2tlLWxpbmVjYXA9InJvdW5kIiBzdHJva2Utd2lkdGg9IjIuMjUwIj48L3BhdGg+PHBhdGggZD0iTSAxNDQuMDAwLDE3Ni4wMDAgQyAxNTMuMDc2LDE2Ni41NzQgMTUyLjg2MiwxNjYuMzY2IDE2Mi4wMDAsMTU3LjAwMCIgZmlsbD0ibm9uZSIgc3Ryb2tlPSJibGFjayIgc3Ryb2tlLWxpbmVjYXA9InJvdW5kIiBzdHJva2Utd2lkdGg9IjIuMjUwIj48L3BhdGg+PHBhdGggZD0iTSAxNjIuMDAwLDE1Ny4wMDAgQyAxNzIuODYyLDE0NS44NjYgMTczLjI1NiwxNDYuMjQ0IDE4NC4wMDAsMTM1LjAwMCIgZmlsbD0ibm9uZSIgc3Ryb2tlPSJibGFjayIgc3Ryb2tlLWxpbmVjYXA9InJvdW5kIiBzdHJva2Utd2lkdGg9IjIuMjUwIj48L3BhdGg+PHBhdGggZD0iTSAxODQuMDAwLDEzNS4wMDAgQyAxOTQuNzU2LDEyMy43NDQgMTk0LjYyNCwxMjMuNjExIDIwNS4wMDAsMTEyLjAwMCIgZmlsbD0ibm9uZSIgc3Ryb2tlPSJibGFjayIgc3Ryb2tlLWxpbmVjYXA9InJvdW5kIiBzdHJva2Utd2lkdGg9IjIuMjUwIj48L3BhdGg+PHBhdGggZD0iTSAyMDUuMDAwLDExMi4wMDAgQyAyMTUuNjI0LDEwMC4xMTEgMjE1LjQyNCw5OS45MzIgMjI2LjAwMCw4OC4wMDAiIGZpbGw9Im5vbmUiIHN0cm9rZT0iYmxhY2siIHN0cm9rZS1saW5lY2FwPSJyb3VuZCIgc3Ryb2tlLXdpZHRoPSIyLjI1MCI+PC9wYXRoPjxwYXRoIGQ9Ik0gMjI2LjAwMCw4OC4wMDAgQyAyMzQuOTI0LDc3LjkzMiAyMzQuOTY2LDc3Ljk2OSAyNDQuMDAwLDY4LjAwMCIgZmlsbD0ibm9uZSIgc3Ryb2tlPSJibGFjayIgc3Ryb2tlLWxpbmVjYXA9InJvdW5kIiBzdHJva2Utd2lkdGg9IjIuMjUwIj48L3BhdGg+PHBhdGggZD0iTSAyNDQuMDAwLDY4LjAwMCBDIDI0OS40NjYsNjEuOTY5IDI0OS44NDYsNjIuMjU4IDI1NS4wMDAsNTYuMDAwIiBmaWxsPSJub25lIiBzdHJva2U9ImJsYWNrIiBzdHJva2UtbGluZWNhcD0icm91bmQiIHN0cm9rZS13aWR0aD0iMi4yNTAiPjwvcGF0aD48cGF0aCBkPSJNIDI1NS4wMDAsNTYuMDAwIEMgMjU2Ljg0Niw1My43NTggMjU5LjM2NSw0OS45NTAgMjU4LjAwMCw1MS4wMDAiIGZpbGw9Im5vbmUiIHN0cm9rZT0iYmxhY2siIHN0cm9rZS1saW5lY2FwPSJyb3VuZCIgc3Ryb2tlLXdpZHRoPSIyLjI1MCI+PC9wYXRoPjxwYXRoIGQ9Ik0gMjU4LjAwMCw1MS4wMDAgQyAyNTIuODY1LDU0Ljk1MCAyNDkuNTMyLDU4LjA0OSAyNDIuMDAwLDY2LjAwMCIgZmlsbD0ibm9uZSIgc3Ryb2tlPSJibGFjayIgc3Ryb2tlLWxpbmVjYXA9InJvdW5kIiBzdHJva2Utd2lkdGg9IjIuMjUwIj48L3BhdGg+PHBhdGggZD0iTSAyNDIuMDAwLDY2LjAwMCBDIDIzMS41MzIsNzcuMDQ5IDIzMS41NDIsNzcuMTMwIDIyMi4wMDAsODkuMDAwIiBmaWxsPSJub25lIiBzdHJva2U9ImJsYWNrIiBzdHJva2UtbGluZWNhcD0icm91bmQiIHN0cm9rZS13aWR0aD0iMi4yNTAiPjwvcGF0aD48cGF0aCBkPSJNIDIyMi4wMDAsODkuMDAwIEMgMjExLjA0MiwxMDIuNjMwIDIxMS4zMzcsMTAyLjg4MSAyMDEuMDAwLDExNy4wMDAiIGZpbGw9Im5vbmUiIHN0cm9rZT0iYmxhY2siIHN0cm9rZS1saW5lY2FwPSJyb3VuZCIgc3Ryb2tlLXdpZHRoPSIyLjI1MCI+PC9wYXRoPjxwYXRoIGQ9Ik0gMjAxLjAwMCwxMTcuMDAwIEMgMTkwLjgzNywxMzAuODgxIDE5MC45MDksMTMwLjkzNiAxODEuMDAwLDE0NS4wMDAiIGZpbGw9Im5vbmUiIHN0cm9rZT0iYmxhY2siIHN0cm9rZS1saW5lY2FwPSJyb3VuZCIgc3Ryb2tlLXdpZHRoPSIyLjI1MCI+PC9wYXRoPjxwYXRoIGQ9Ik0gMTgxLjAwMCwxNDUuMDAwIEMgMTc1LjQwOSwxNTIuOTM2IDE3MS45MDQsMTU0LjUyOCAxNzAuMDAwLDE2MS4wMDAiIGZpbGw9Im5vbmUiIHN0cm9rZT0iYmxhY2siIHN0cm9rZS1saW5lY2FwPSJyb3VuZCIgc3Ryb2tlLXdpZHRoPSIyLjI1MCI+PC9wYXRoPjxwYXRoIGQ9Ik0gMTcwLjAwMCwxNjEuMDAwIEMgMTY5LjQwNCwxNjMuMDI4IDE3My4wMDgsMTYyLjI3MiAxNzYuMDAwLDE2Mi4wMDAiIGZpbGw9Im5vbmUiIHN0cm9rZT0iYmxhY2siIHN0cm9rZS1saW5lY2FwPSJyb3VuZCIgc3Ryb2tlLXdpZHRoPSIyLjI1MCI+PC9wYXRoPjxwYXRoIGQ9Ik0gMTc2LjAwMCwxNjIuMDAwIEMgMTg0LjAwOCwxNjEuMjcyIDE4NC4wNTgsMTYwLjc2NSAxOTIuMDAwLDE1OS4wMDAiIGZpbGw9Im5vbmUiIHN0cm9rZT0iYmxhY2siIHN0cm9rZS1saW5lY2FwPSJyb3VuZCIgc3Ryb2tlLXdpZHRoPSIyLjI1MCI+PC9wYXRoPjxwYXRoIGQ9Ik0gMTkyLjAwMCwxNTkuMDAwIEMgMjAyLjA1OCwxNTYuNzY1IDIwMi4wNDYsMTU2LjY3MSAyMTIuMDAwLDE1NC4wMDAiIGZpbGw9Im5vbmUiIHN0cm9rZT0iYmxhY2siIHN0cm9rZS1saW5lY2FwPSJyb3VuZCIgc3Ryb2tlLXdpZHRoPSIyLjI1MCI+PC9wYXRoPjxwYXRoIGQ9Ik0gMjEyLjAwMCwxNTQuMDAwIEMgMjIyLjU0NiwxNTEuMTcxIDIyMi41NzEsMTUxLjIyOCAyMzMuMDAwLDE0OC4wMDAiIGZpbGw9Im5vbmUiIHN0cm9rZT0iYmxhY2siIHN0cm9rZS1saW5lY2FwPSJyb3VuZCIgc3Ryb2tlLXdpZHRoPSIyLjI1MCI+PC9wYXRoPjxwYXRoIGQ9Ik0gMjMzLjAwMCwxNDguMDAwIEMgMjQzLjU3MSwxNDQuNzI4IDI0My42NDQsMTQ0Ljg4MyAyNTQuMDAwLDE0MS4wMDAiIGZpbGw9Im5vbmUiIHN0cm9rZT0iYmxhY2siIHN0cm9rZS1saW5lY2FwPSJyb3VuZCIgc3Ryb2tlLXdpZHRoPSIyLjI1MCI+PC9wYXRoPjxwYXRoIGQ9Ik0gMjU0LjAwMCwxNDEuMDAwIEMgMjYzLjY0NCwxMzcuMzgzIDI2My42MjEsMTM3LjI2MyAyNzMuMDAwLDEzMy4wMDAiIGZpbGw9Im5vbmUiIHN0cm9rZT0iYmxhY2siIHN0cm9rZS1saW5lY2FwPSJyb3VuZCIgc3Ryb2tlLXdpZHRoPSIyLjI1MCI+PC9wYXRoPjxwYXRoIGQ9Ik0gMjczLjAwMCwxMzMuMDAwIEMgMjgwLjEyMSwxMjkuNzYzIDI4MC4zMjksMTMwLjAwMyAyODcuMDAwLDEyNi4wMDAiIGZpbGw9Im5vbmUiIHN0cm9rZT0iYmxhY2siIHN0cm9rZS1saW5lY2FwPSJyb3VuZCIgc3Ryb2tlLXdpZHRoPSIyLjI1MCI+PC9wYXRoPjxwYXRoIGQ9Ik0gMjg3LjAwMCwxMjYuMDAwIEMgMjkwLjMyOSwxMjQuMDAzIDI5NC4zNzgsMTIyLjcyMiAyOTMuMDAwLDEyMS4wMDAiIGZpbGw9Im5vbmUiIHN0cm9rZT0iYmxhY2siIHN0cm9rZS1saW5lY2FwPSJyb3VuZCIgc3Ryb2tlLXdpZHRoPSIyLjI1MCI+PC9wYXRoPjxwYXRoIGQ9Ik0gMjkzLjAwMCwxMjEuMDAwIEMgMjkwLjM3OCwxMTcuNzIyIDI4Ni4yNDYsMTE3LjM3MSAyNzkuMDAwLDExNi4wMDAiIGZpbGw9Im5vbmUiIHN0cm9rZT0iYmxhY2siIHN0cm9rZS1saW5lY2FwPSJyb3VuZCIgc3Ryb2tlLXdpZHRoPSIyLjI1MCI+PC9wYXRoPjxwYXRoIGQ9Ik0gMjc5LjAwMCwxMTYuMDAwIEMgMjY3Ljc0NiwxMTMuODcxIDI2Ny41MTQsMTE0LjgwOCAyNTYuMDAwLDExNC4wMDAiIGZpbGw9Im5vbmUiIHN0cm9rZT0iYmxhY2siIHN0cm9rZS1saW5lY2FwPSJyb3VuZCIgc3Ryb2tlLXdpZHRoPSIyLjI1MCI+PC9wYXRoPjxwYXRoIGQ9Ik0gMjU2LjAwMCwxMTQuMDAwIEMgMjM5LjAxNCwxMTIuODA4IDIzOS4wMDcsMTEyLjg3MiAyMjIuMDAwLDExMi4wMDAiIGZpbGw9Im5vbmUiIHN0cm9rZT0iYmxhY2siIHN0cm9rZS1saW5lY2FwPSJyb3VuZCIgc3Ryb2tlLXdpZHRoPSIyLjI1MCI+PC9wYXRoPjxwYXRoIGQ9Ik0gMjIyLjAwMCwxMTIuMDAwIEMgMjAwLjAwNywxMTAuODcyIDIwMC4wMTIsMTEwLjQ3MyAxNzguMDAwLDExMC4wMDAiIGZpbGw9Im5vbmUiIHN0cm9rZT0iYmxhY2siIHN0cm9rZS1saW5lY2FwPSJyb3VuZCIgc3Ryb2tlLXdpZHRoPSIyLjI1MCI+PC9wYXRoPjxwYXRoIGQ9Ik0gMTc4LjAwMCwxMTAuMDAwIEMgMTUzLjUxMiwxMDkuNDczIDE1My40ODgsMTA5LjQ3OSAxMjkuMDAwLDExMC4wMDAiIGZpbGw9Im5vbmUiIHN0cm9rZT0iYmxhY2siIHN0cm9rZS1saW5lY2FwPSJyb3VuZCIgc3Ryb2tlLXdpZHRoPSIyLjI1MCI+PC9wYXRoPjxwYXRoIGQ9Ik0gMTI5LjAwMCwxMTAuMDAwIEMgMTA2LjQ4OCwxMTAuNDc5IDEwNi4zMTYsMTA5LjQ4OSA4NC4wMDAsMTEyLjAwMCIgZmlsbD0ibm9uZSIgc3Ryb2tlPSJibGFjayIgc3Ryb2tlLWxpbmVjYXA9InJvdW5kIiBzdHJva2Utd2lkdGg9IjIuMjUwIj48L3BhdGg+PHBhdGggZD0iTSA4NC4wMDAsMTEyLjAwMCBDIDY2LjMxNiwxMTMuOTg5IDY2LjQ3MywxMTUuMzczIDQ5LjAwMCwxMTkuMDAwIiBmaWxsPSJub25lIiBzdHJva2U9ImJsYWNrIiBzdHJva2UtbGluZWNhcD0icm91bmQiIHN0cm9rZS13aWR0aD0iMi4yNTAiPjwvcGF0aD48cGF0aCBkPSJNIDQ5LjAwMCwxMTkuMDAwIEMgMzkuOTczLDEyMC44NzMgNDAuMDA5LDEyMS4wNDIgMzEuMDAwLDEyMy4wMDAiIGZpbGw9Im5vbmUiIHN0cm9rZT0iYmxhY2siIHN0cm9rZS1saW5lY2FwPSJyb3VuZCIgc3Ryb2tlLXdpZHRoPSIyLjI1MCI+PC9wYXRoPjxwYXRoIGQ9Ik0gMzEuMDAwLDEyMy4wMDAgQyAyOC41MDksMTIzLjU0MiAyNC42NzEsMTIzLjg3OSAyNi4wMDAsMTI0LjAwMCIgZmlsbD0ibm9uZSIgc3Ryb2tlPSJibGFjayIgc3Ryb2tlLWxpbmVjYXA9InJvdW5kIiBzdHJva2Utd2lkdGg9IjIuMjUwIj48L3BhdGg+PHBhdGggZD0iTSAyNi4wMDAsMTI0LjAwMCBDIDMwLjE3MSwxMjQuMzc5IDM0LjEzNiwxMjUuMTUxIDQyLjAwMCwxMjQuMDAwIiBmaWxsPSJub25lIiBzdHJva2U9ImJsYWNrIiBzdHJva2UtbGluZWNhcD0icm91bmQiIHN0cm9rZS13aWR0aD0iMi4yNTAiPjwvcGF0aD48cGF0aCBkPSJNIDQyLjAwMCwxMjQuMDAwIEMgNTQuNjM2LDEyMi4xNTEgNTQuNzQ1LDEyMS44MTcgNjcuMDAwLDExOC4wMDAiIGZpbGw9Im5vbmUiIHN0cm9rZT0iYmxhY2siIHN0cm9rZS1saW5lY2FwPSJyb3VuZCIgc3Ryb2tlLXdpZHRoPSIyLjI1MCI+PC9wYXRoPjxwYXRoIGQ9Ik0gNjcuMDAwLDExOC4wMDAgQyA4NS4yNDUsMTEyLjMxNyA4NS4wNDYsMTExLjYyNiAxMDMuMDAwLDEwNS4wMDAiIGZpbGw9Im5vbmUiIHN0cm9rZT0iYmxhY2siIHN0cm9rZS1saW5lY2FwPSJyb3VuZCIgc3Ryb2tlLXdpZHRoPSIyLjI1MCI+PC9wYXRoPjxwYXRoIGQ9Ik0gMTAzLjAwMCwxMDUuMDAwIEMgMTI3LjA0Niw5Ni4xMjYgMTI2Ljk4MSw5NS45NDggMTUxLjAwMCw4Ny4wMDAiIGZpbGw9Im5vbmUiIHN0cm9rZT0iYmxhY2siIHN0cm9rZS1saW5lY2FwPSJyb3VuZCIgc3Ryb2tlLXdpZHRoPSIyLjI1MCI+PC9wYXRoPjxwYXRoIGQ9Ik0gMTUxLjAwMCw4Ny4wMDAgQyAxNzcuOTgxLDc2Ljk0OCAxNzguMDYyLDc3LjE2NSAyMDUuMDAwLDY3LjAwMCIgZmlsbD0ibm9uZSIgc3Ryb2tlPSJibGFjayIgc3Ryb2tlLWxpbmVjYXA9InJvdW5kIiBzdHJva2Utd2lkdGg9IjIuMjUwIj48L3BhdGg+PHBhdGggZD0iTSAyMDUuMDAwLDY3LjAwMCBDIDIzMS4wNjIsNTcuMTY1IDIzMS42NzAsNTguNDY1IDI1Ny4wMDAsNDcuMDAwIiBmaWxsPSJub25lIiBzdHJva2U9ImJsYWNrIiBzdHJva2UtbGluZWNhcD0icm91bmQiIHN0cm9rZS13aWR0aD0iMi4yNTAiPjwvcGF0aD48cGF0aCBkPSJNIDI1Ny4wMDAsNDcuMDAwIEMgMjc5LjE3MCwzNi45NjUgMjc5LjUzOSwzNy4wOTUgMzAwLjAwMCwyNC4wMDAiIGZpbGw9Im5vbmUiIHN0cm9rZT0iYmxhY2siIHN0cm9rZS1saW5lY2FwPSJyb3VuZCIgc3Ryb2tlLXdpZHRoPSIyLjI1MCI+PC9wYXRoPjxwYXRoIGQ9Ik0gMzAwLjAwMCwyNC4wMDAgQyAzMTcuMDM5LDEzLjA5NSAzMTcuMjM5LDEyLjYyNSAzMzIuMDAwLC0xLjAwMCIgZmlsbD0ibm9uZSIgc3Ryb2tlPSJibGFjayIgc3Ryb2tlLWxpbmVjYXA9InJvdW5kIiBzdHJva2Utd2lkdGg9IjIuMjUwIj48L3BhdGg+PC9zdmc+,,,,,,,,,,,,,,,,,,2024-08-02 12:02:13.812236,62bbd588dab66605d7418bdc,4b58a977-1d74-41eb-9e75-b0b6895cedf0
92f19582-ec08-4416-9574-883c960c455a,60844ec8-1755-47a1-a106-1cc9a6c26e18,af8b83a7-47eb-4049-9275-c86b659a4b79,77685f6c-4f11-4e2f-9a66-124872375ccc,,d12fb0f0-914f-45cd-96b1-5190f2f2bc11,,,,,,,,1,,,,,,,,,,,,,2025-01-17 10:03:05.076114,62bbd588dab66605d7418bdc,d12fb0f0-914f-45cd-96b1-5190f2f2bc11
9ed2a78e-d1be-4464-b474-6b0c4f4899ef,60844ec8-1755-47a1-a106-1cc9a6c26e18,af8b83a7-47eb-4049-9275-c86b659a4b79,77685f6c-4f11-4e2f-9a66-124872375ccc,,701c7399-04eb-4855-a60e-6ac4cc16bb9c,,,,,,,,1,,,,,,,,,,,,,2025-01-17 10:02:59.476188,62bbd588dab66605d7418bdc,701c7399-04eb-4855-a60e-6ac4cc16bb9c
3a012929-df66-49aa-b1a5-7acb9cb39f65,60844ec8-1755-47a1-a106-1cc9a6c26e18,af8b83a7-47eb-4049-9275-c86b659a4b79,77685f6c-4f11-4e2f-9a66-124872375ccc,,3a7b06a0-eb77-4d5f-87e6-2ef0a4df4347,,,,,,,,1,,,,,,,,,,,,,2025-01-17 10:03:02.18006,62bbd588dab66605d7418bdc,3a7b06a0-eb77-4d5f-87e6-2ef0a4df4347
c37bc8f3-572b-48d5-ad5e-a8301fb4791e,60844ec8-1755-47a1-a106-1cc9a6c26e18,af8b83a7-47eb-4049-9275-c86b659a4b79,77685f6c-4f11-4e2f-9a66-124872375ccc,,0c80142c-b6e0-4172-958e-2ecaf360754d,,,,,,,,0,,,,,,,,,,,,,2025-01-17 10:03:06.198224,62bbd588dab66605d7418bdc,0c80142c-b6e0-4172-958e-2ecaf360754d
26f37642-d64c-43cb-9928-cdc1e3383329,60844ec8-1755-47a1-a106-1cc9a6c26e18,af8b83a7-47eb-4049-9275-c86b659a4b79,77685f6c-4f11-4e2f-9a66-124872375ccc,,b9111b1b-bf59-492d-9ae6-56de4eaf7c71,,,,,,,,0,,,,,,,,,,,,,2025-01-17 10:03:00.312735,62bbd588dab66605d7418bdc,b9111b1b-bf59-492d-9ae6-56de4eaf7c71
26aaabb9-6e3b-43e4-a320-22ba65bb0a5b,60844ec8-1755-47a1-a106-1cc9a6c26e18,af8b83a7-47eb-4049-9275-c86b659a4b79,7f0e1922-5893-4af1-a9d6-af0fea882bf2,,d12fb0f0-914f-45cd-96b1-5190f2f2bc11,,,,,,,,0,,,,,,,,,,,,,2025-01-17 10:04:28.858212,62bbd588dab66605d7418bdc,d12fb0f0-914f-45cd-96b1-5190f2f2bc11
730529ce-9069-489d-9ed3-539db298fc59,60844ec8-1755-47a1-a106-1cc9a6c26e18,af8b83a7-47eb-4049-9275-c86b659a4b79,7f0e1922-5893-4af1-a9d6-af0fea882bf2,,0c80142c-b6e0-4172-958e-2ecaf360754d,,,,,,,,1,,,,,,,,,,,,,2025-01-17 10:04:30.292327,62bbd588dab66605d7418bdc,0c80142c-b6e0-4172-958e-2ecaf360754d
53f53b42-3070-40b4-93f4-c0b63c081b10,60844ec8-1755-47a1-a106-1cc9a6c26e18,af8b83a7-47eb-4049-9275-c86b659a4b79,7f0e1922-5893-4af1-a9d6-af0fea882bf2,,701c7399-04eb-4855-a60e-6ac4cc16bb9c,,,,,,,,1,,,,,,,,,,,,,2025-01-17 10:04:24.109496,62bbd588dab66605d7418bdc,701c7399-04eb-4855-a60e-6ac4cc16bb9c
19f36b41-c1bd-421d-9125-e3c0b0d922a8,60844ec8-1755-47a1-a106-1cc9a6c26e18,af8b83a7-47eb-4049-9275-c86b659a4b79,7f0e1922-5893-4af1-a9d6-af0fea882bf2,,b9111b1b-bf59-492d-9ae6-56de4eaf7c71,,,,,,,,0,,,,,,,,,,,,,2025-01-17 10:04:26.341517,62bbd588dab66605d7418bdc,b9111b1b-bf59-492d-9ae6-56de4eaf7c71
9a0fb5d8-ee09-4a8d-b0d4-0012b40f3cb7,60844ec8-1755-47a1-a106-1cc9a6c26e18,af8b83a7-47eb-4049-9275-c86b659a4b79,7f0e1922-5893-4af1-a9d6-af0fea882bf2,,3a7b06a0-eb77-4d5f-87e6-2ef0a4df4347,,,,,,,,1,,,,,,,,,,,,,2025-01-17 10:04:27.806492,62bbd588dab66605d7418bdc,3a7b06a0-eb77-4d5f-87e6-2ef0a4df4347
32556754-7a71-4c51-8f76-50d575338463,60844ec8-1755-47a1-a106-1cc9a6c26e18,af8b83a7-47eb-4049-9275-c86b659a4b79,8e3297a6-00c4-4426-a148-e1d8075e7197,,7bae71be-fd97-4d7f-ba24-3926c7b2f6b2,0:00 - 0:15 Several small cracks are visible throughout the concrete surface.,,,,,,,0,,,,,,,,,,,,,2024-12-16 05:43:07.574311,62bbd588dab66605d7418bdc,7bae71be-fd97-4d7f-ba24-3926c7b2f6b2
48af315d-0f02-466b-aa7c-68731d71bc62,60844ec8-1755-47a1-a106-1cc9a6c26e18,af8b83a7-47eb-4049-9275-c86b659a4b79,8e3297a6-00c4-4426-a148-e1d8075e7197,,67a2b289-c352-4eff-a5fd-adc431b35a68,"0:00 - 0:15 No significant damage observed. Some minor cosmetic imperfections are present, but not considered damage.",,,,,,,1,,,,,,,,,,,,,2024-12-16 05:43:07.574315,62bbd588dab66605d7418bdc,67a2b289-c352-4eff-a5fd-adc431b35a68
90b028a6-46f2-4949-88fa-d58a9c9b5ded,60844ec8-1755-47a1-a106-1cc9a6c26e18,af8b83a7-47eb-4049-9275-c86b659a4b79,8e3297a6-00c4-4426-a148-e1d8075e7197,,91c82b49-0778-43dd-9b8b-45fa898da692,0:00 - 0:15 Joints are not sealed.,,,,,,,0,,,,,,,,,,,,,2024-12-16 05:43:07.580223,62bbd588dab66605d7418bdc,91c82b49-0778-43dd-9b8b-45fa898da692
0180908f-142f-4174-bda4-713a967c1164,60844ec8-1755-47a1-a106-1cc9a6c26e18,af8b83a7-47eb-4049-9275-c86b659a4b79,8e3297a6-00c4-4426-a148-e1d8075e7197,,d6ad8d27-b38e-41a4-90be-8fd14ded69cd,0:00-0:15 Lifting lugs/tie rod holes are not filled.,,,,,,,0,,,,,,,,,,,,,2024-12-16 05:43:07.581865,62bbd588dab66605d7418bdc,d6ad8d27-b38e-41a4-90be-8fd14ded69cd
bfdd6ae9-0ada-4b04-9542-396021d67213,60844ec8-1755-47a1-a106-1cc9a6c26e18,af8b83a7-47eb-4049-9275-c86b659a4b79,8e3297a6-00c4-4426-a148-e1d8075e7197,,0c0eb95f-429c-4e99-b79e-57dc7b6be3a8,"0:00 - 0:15 Render appears complete, although the quality is questionable due to the cracks.",,,,,,,1,,,,,,,,,,,,,2024-12-16 05:43:07.581868,62bbd588dab66605d7418bdc,0c0eb95f-429c-4e99-b79e-57dc7b6be3a8
5ac1e6f2-4af4-4459-9cd0-2cbdcc529962,60844ec8-1755-47a1-a106-1cc9a6c26e18,af8b83a7-47eb-4049-9275-c86b659a4b79,8f5a7248-336a-4a28-9bd1-c75c80e3cd46,,f888b158-2f9a-42f0-a7f6-7ba031d0fcf5,,,,,,CXSGH77,,,,,,,,,,,,,,,2024-09-01 23:37:17.501421,62bbd588dab66605d7418bdc,f888b158-2f9a-42f0-a7f6-7ba031d0fcf5
31b4e303-9eb2-4431-8bb8-b6a254d0b0c2,60844ec8-1755-47a1-a106-1cc9a6c26e18,af8b83a7-47eb-4049-9275-c86b659a4b79,8f5a7248-336a-4a28-9bd1-c75c80e3cd46,,9744d943-dc04-438c-84a7-2603f715cd02,,,,,,"Level 7, Pour 2",,,,,,,,,,,,,,,2024-09-01 23:37:17.501424,62bbd588dab66605d7418bdc,9744d943-dc04-438c-84a7-2603f715cd02
a806eaa8-b408-47de-8a7d-e8ef52713bdf,60844ec8-1755-47a1-a106-1cc9a6c26e18,af8b83a7-47eb-4049-9275-c86b659a4b79,8f5a7248-336a-4a28-9bd1-c75c80e3cd46,,7ea58f7c-8cb0-4eb7-befb-224d00abc3ef,,,,,366.25,,,,,,,,,,,,,,,,2024-09-01 23:37:17.501426,62bbd588dab66605d7418bdc,7ea58f7c-8cb0-4eb7-befb-224d00abc3ef
d2a77d7b-91a5-4c2f-98ec-e0c4a077aab7,60844ec8-1755-47a1-a106-1cc9a6c26e18,af8b83a7-47eb-4049-9275-c86b659a4b79,8f5a7248-336a-4a28-9bd1-c75c80e3cd46,,464df91e-957e-4b1b-968e-d0a2a13a1d2a,,,,,5.05,,,,,,,,,,,,,,,,2024-09-01 23:37:17.501429,62bbd588dab66605d7418bdc,464df91e-957e-4b1b-968e-d0a2a13a1d2a
6b635fc9-da2a-46c1-8e92-c44a9c6c7384,60844ec8-1755-47a1-a106-1cc9a6c26e18,af8b83a7-47eb-4049-9275-c86b659a4b79,8f5a7248-336a-4a28-9bd1-c75c80e3cd46,,0386e156-165a-4bcc-ae31-65e27e0ba962,,,,,371.3,,,,,,,,,,,,,,,,2024-09-01 23:37:17.501431,62bbd588dab66605d7418bdc,0386e156-165a-4bcc-ae31-65e27e0ba962
5c106581-00f2-456f-80cc-fa1f63fd9a37,60844ec8-1755-47a1-a106-1cc9a6c26e18,af8b83a7-47eb-4049-9275-c86b659a4b79,8f5a7248-336a-4a28-9bd1-c75c80e3cd46,,5c43fe37-b32c-4153-bc47-ee2c3fcfb7f3,,,,,,Anthony,,,,,,,,,,,,,,,2024-09-01 23:37:17.501433,62bbd588dab66605d7418bdc,5c43fe37-b32c-4153-bc47-ee2c3fcfb7f3
8526228b-3ba0-4afb-9db2-ffdaf23f5918,60844ec8-1755-47a1-a106-1cc9a6c26e18,af8b83a7-47eb-4049-9275-c86b659a4b79,8f5a7248-336a-4a28-9bd1-c75c80e3cd46,,20918e22-2a9d-4999-8f87-e7c8fa5af111,,,,,,N16 bars not delivered,,,,,,,,,,,,,,,2024-09-01 23:37:17.501436,62bbd588dab66605d7418bdc,20918e22-2a9d-4999-8f87-e7c8fa5af111
73b0efc5-349d-452c-8433-5e8b7d3213b3,60844ec8-1755-47a1-a106-1cc9a6c26e18,af8b83a7-47eb-4049-9275-c86b659a4b79,a7e443ba-7e64-4efa-911c-eaea8e778350,,f888b158-2f9a-42f0-a7f6-7ba031d0fcf5,,,,,,CX5GH7,,,,,,,,,,,,,,,2024-08-31 06:09:17.14771,62bbd588dab66605d7418bdc,f888b158-2f9a-42f0-a7f6-7ba031d0fcf5
981c2937-c2de-466d-933f-78b54068e230,60844ec8-1755-47a1-a106-1cc9a6c26e18,af8b83a7-47eb-4049-9275-c86b659a4b79,a7e443ba-7e64-4efa-911c-eaea8e778350,,9744d943-dc04-438c-84a7-2603f715cd02,,,,,,"Level 7, Pour 2",,,,,,,,,,,,,,,2024-08-31 06:09:17.147713,62bbd588dab66605d7418bdc,9744d943-dc04-438c-84a7-2603f715cd02
1f84168b-a879-498a-ad42-059080720f97,60844ec8-1755-47a1-a106-1cc9a6c26e18,af8b83a7-47eb-4049-9275-c86b659a4b79,a7e443ba-7e64-4efa-911c-eaea8e778350,,d0f9ec21-50e3-4c58-8326-470c4aba9d8b,,,,,,2024-08-15,,,,,,,,,,,,,,,2024-08-31 06:09:17.147715,62bbd588dab66605d7418bdc,d0f9ec21-50e3-4c58-8326-470c4aba9d8b
7976471f-1f55-4da8-b0e8-b6064754850f,60844ec8-1755-47a1-a106-1cc9a6c26e18,af8b83a7-47eb-4049-9275-c86b659a4b79,a7e443ba-7e64-4efa-911c-eaea8e778350,,7ea58f7c-8cb0-4eb7-befb-224d00abc3ef,,,,,361.2,,,,,,,,,,,,,,,,2024-08-31 06:09:17.147717,62bbd588dab66605d7418bdc,7ea58f7c-8cb0-4eb7-befb-224d00abc3ef
db0b942f-b68f-4b61-bab5-8c41d57a8f8d,60844ec8-1755-47a1-a106-1cc9a6c26e18,af8b83a7-47eb-4049-9275-c86b659a4b79,a7e443ba-7e64-4efa-911c-eaea8e778350,,464df91e-957e-4b1b-968e-d0a2a13a1d2a,,,,,5.05,,,,,,,,,,,,,,,,2024-08-31 06:09:17.14772,62bbd588dab66605d7418bdc,464df91e-957e-4b1b-968e-d0a2a13a1d2a
800aeb0f-68b0-4bc5-9d2d-9b4fcb846f44,60844ec8-1755-47a1-a106-1cc9a6c26e18,af8b83a7-47eb-4049-9275-c86b659a4b79,a7e443ba-7e64-4efa-911c-eaea8e778350,,0386e156-165a-4bcc-ae31-65e27e0ba962,,,,,366.25,,,,,,,,,,,,,,,,2024-08-31 06:09:17.147722,62bbd588dab66605d7418bdc,0386e156-165a-4bcc-ae31-65e27e0ba962
6536c007-be41-437f-be80-67d10e50b94f,60844ec8-1755-47a1-a106-1cc9a6c26e18,af8b83a7-47eb-4049-9275-c86b659a4b79,a7e443ba-7e64-4efa-911c-eaea8e778350,,5c43fe37-b32c-4153-bc47-ee2c3fcfb7f3,,,,,,Anthony,,,,,,,,,,,,,,,2024-08-31 06:09:17.147724,62bbd588dab66605d7418bdc,5c43fe37-b32c-4153-bc47-ee2c3fcfb7f3
787ee841-dbf9-4612-8198-b47293bbdc71,60844ec8-1755-47a1-a106-1cc9a6c26e18,af8b83a7-47eb-4049-9275-c86b659a4b79,aede29c2-945a-49da-8877-fc7afdf84e24,,91c82b49-0778-43dd-9b8b-45fa898da692,Joints are not clearly visible in the video to assess sealing.,,,,,,,2,,,,,,,,,,,,,2024-12-11 12:14:42.057897,62bbd588dab66605d7418bdc,91c82b49-0778-43dd-9b8b-45fa898da692
797c47a0-d110-4d62-8636-326d431a79df,60844ec8-1755-47a1-a106-1cc9a6c26e18,af8b83a7-47eb-4049-9275-c86b659a4b79,aede29c2-945a-49da-8877-fc7afdf84e24,,7bae71be-fd97-4d7f-ba24-3926c7b2f6b2,Cracks in concrete observed in the video.,,,,,,,0,,,,,,,,,,,,,2024-12-11 20:43:29.105438,62bbd588dab66605d7418bdc,7bae71be-fd97-4d7f-ba24-3926c7b2f6b2
eb186eca-65c5-4028-8904-c4cba17ddc0b,60844ec8-1755-47a1-a106-1cc9a6c26e18,af8b83a7-47eb-4049-9275-c86b659a4b79,aede29c2-945a-49da-8877-fc7afdf84e24,,67a2b289-c352-4eff-a5fd-adc431b35a68,No visible damage to concrete observed in the video.,,,,,,,1,,,,,,,,,,,,,2024-12-11 20:43:29.107686,62bbd588dab66605d7418bdc,67a2b289-c352-4eff-a5fd-adc431b35a68
13f8281b-e0db-40d1-8f54-237f449c7581,60844ec8-1755-47a1-a106-1cc9a6c26e18,af8b83a7-47eb-4049-9275-c86b659a4b79,aede29c2-945a-49da-8877-fc7afdf84e24,,d6ad8d27-b38e-41a4-90be-8fd14ded69cd,Tie rod holes are visible in the video.,,,,,,,0,,,,,,,,,,,,,2024-12-11 20:43:29.109642,62bbd588dab66605d7418bdc,d6ad8d27-b38e-41a4-90be-8fd14ded69cd
2e2a1aba-4522-461d-b3c1-1b586876bea5,60844ec8-1755-47a1-a106-1cc9a6c26e18,af8b83a7-47eb-4049-9275-c86b659a4b79,aede29c2-945a-49da-8877-fc7afdf84e24,,0c0eb95f-429c-4e99-b79e-57dc7b6be3a8,Rendering is visible in this video.,,,,,,,1,,,,,,,,,,,,,2024-12-11 20:43:29.109645,62bbd588dab66605d7418bdc,0c0eb95f-429c-4e99-b79e-57dc7b6be3a8
46baba7c-b3ce-4dfe-84c2-61a3c019d2b7,60844ec8-1755-47a1-a106-1cc9a6c26e18,af8b83a7-47eb-4049-9275-c86b659a4b79,af93c88b-ce8e-426c-881e-db86db512ce3,,f888b158-2f9a-42f0-a7f6-7ba031d0fcf5,,,,,,CX5GH7,,,,,,,,,,,,,,,2024-08-31 06:02:36.708407,62bbd588dab66605d7418bdc,f888b158-2f9a-42f0-a7f6-7ba031d0fcf5
60dc18eb-23db-424d-b429-335e9521ac4a,60844ec8-1755-47a1-a106-1cc9a6c26e18,af8b83a7-47eb-4049-9275-c86b659a4b79,af93c88b-ce8e-426c-881e-db86db512ce3,,9744d943-dc04-438c-84a7-2603f715cd02,,,,,,"Level 7, Pour 2",,,,,,,,,,,,,,,2024-08-31 06:02:36.70841,62bbd588dab66605d7418bdc,9744d943-dc04-438c-84a7-2603f715cd02
7776a640-ef47-4543-86ea-39d666f0da2a,60844ec8-1755-47a1-a106-1cc9a6c26e18,af8b83a7-47eb-4049-9275-c86b659a4b79,af93c88b-ce8e-426c-881e-db86db512ce3,,d0f9ec21-50e3-4c58-8326-470c4aba9d8b,,,,,,2024-08-15,,,,,,,,,,,,,,,2024-08-31 06:02:36.708412,62bbd588dab66605d7418bdc,d0f9ec21-50e3-4c58-8326-470c4aba9d8b
c7129084-0847-43b4-bc13-e2f751bfda03,60844ec8-1755-47a1-a106-1cc9a6c26e18,af8b83a7-47eb-4049-9275-c86b659a4b79,af93c88b-ce8e-426c-881e-db86db512ce3,,7ea58f7c-8cb0-4eb7-befb-224d00abc3ef,,,,,361.2,,,,,,,,,,,,,,,,2024-08-31 06:02:36.708414,62bbd588dab66605d7418bdc,7ea58f7c-8cb0-4eb7-befb-224d00abc3ef
9022b982-fe6b-4a40-8a71-fa0c4be39df4,60844ec8-1755-47a1-a106-1cc9a6c26e18,af8b83a7-47eb-4049-9275-c86b659a4b79,af93c88b-ce8e-426c-881e-db86db512ce3,,464df91e-957e-4b1b-968e-d0a2a13a1d2a,,,,,5.05,,,,,,,,,,,,,,,,2024-08-31 06:02:36.708416,62bbd588dab66605d7418bdc,464df91e-957e-4b1b-968e-d0a2a13a1d2a
7b901d04-caf9-4315-abad-40cbba46065d,60844ec8-1755-47a1-a106-1cc9a6c26e18,af8b83a7-47eb-4049-9275-c86b659a4b79,af93c88b-ce8e-426c-881e-db86db512ce3,,0386e156-165a-4bcc-ae31-65e27e0ba962,,,,,366.25,,,,,,,,,,,,,,,,2024-08-31 06:02:36.708418,62bbd588dab66605d7418bdc,0386e156-165a-4bcc-ae31-65e27e0ba962
8279633a-cd58-474d-88fa-f5c8bdf9062d,60844ec8-1755-47a1-a106-1cc9a6c26e18,af8b83a7-47eb-4049-9275-c86b659a4b79,af93c88b-ce8e-426c-881e-db86db512ce3,,5c43fe37-b32c-4153-bc47-ee2c3fcfb7f3,,,,,,Anthony,,,,,,,,,,,,,,,2024-08-31 06:02:36.708421,62bbd588dab66605d7418bdc,5c43fe37-b32c-4153-bc47-ee2c3fcfb7f3
b91fcafb-10b9-4a21-842a-0d1006ded37b,60844ec8-1755-47a1-a106-1cc9a6c26e18,af8b83a7-47eb-4049-9275-c86b659a4b79,b201ba03-9d00-4c71-bd5f-7c3471cdd915,,7ea58f7c-8cb0-4eb7-befb-224d00abc3ef,,,,,112,,,,,,,,,,,,,,,,2024-08-31 03:36:06.003213,62bbd588dab66605d7418bdc,7ea58f7c-8cb0-4eb7-befb-224d00abc3ef
b47f1710-2ea8-48e0-928d-fe6da6d82103,60844ec8-1755-47a1-a106-1cc9a6c26e18,af8b83a7-47eb-4049-9275-c86b659a4b79,b201ba03-9d00-4c71-bd5f-7c3471cdd915,,77b0ddb2-b190-4731-abb2-0b6f446ec583,,,,,101,,,,,,,,,,,,,,,,2024-08-31 03:36:06.004422,62bbd588dab66605d7418bdc,77b0ddb2-b190-4731-abb2-0b6f446ec583
527e33a3-297c-4800-8f81-c445bb7d7e88,60844ec8-1755-47a1-a106-1cc9a6c26e18,af8b83a7-47eb-4049-9275-c86b659a4b79,b78830d4-a332-46bf-a731-764ace51b7e8,,f888b158-2f9a-42f0-a7f6-7ba031d0fcf5,,,,,,CX5GH77,,,,,,,,,,,,,,,2024-08-31 06:32:24.776827,62bbd588dab66605d7418bdc,f888b158-2f9a-42f0-a7f6-7ba031d0fcf5
ff12d0fa-6b95-45a1-89bf-658b81dfd3b9,60844ec8-1755-47a1-a106-1cc9a6c26e18,af8b83a7-47eb-4049-9275-c86b659a4b79,b78830d4-a332-46bf-a731-764ace51b7e8,,9744d943-dc04-438c-84a7-2603f715cd02,,,,,,"Level 7, Pour 2",,,,,,,,,,,,,,,2024-08-31 06:32:24.776829,62bbd588dab66605d7418bdc,9744d943-dc04-438c-84a7-2603f715cd02
a9fc33ad-e562-4dfb-92fa-df57e6a10174,60844ec8-1755-47a1-a106-1cc9a6c26e18,af8b83a7-47eb-4049-9275-c86b659a4b79,b78830d4-a332-46bf-a731-764ace51b7e8,,7ea58f7c-8cb0-4eb7-befb-224d00abc3ef,,,,,361.2,,,,,,,,,,,,,,,,2024-08-31 06:32:24.776832,62bbd588dab66605d7418bdc,7ea58f7c-8cb0-4eb7-befb-224d00abc3ef
67120dfc-3d7f-4070-8301-04e607c9e74e,60844ec8-1755-47a1-a106-1cc9a6c26e18,af8b83a7-47eb-4049-9275-c86b659a4b79,b78830d4-a332-46bf-a731-764ace51b7e8,,464df91e-957e-4b1b-968e-d0a2a13a1d2a,,,,,5.05,,,,,,,,,,,,,,,,2024-08-31 06:32:24.776834,62bbd588dab66605d7418bdc,464df91e-957e-4b1b-968e-d0a2a13a1d2a
347cdc5f-3bf3-463b-bc3c-299ad16d210f,60844ec8-1755-47a1-a106-1cc9a6c26e18,af8b83a7-47eb-4049-9275-c86b659a4b79,b78830d4-a332-46bf-a731-764ace51b7e8,,0386e156-165a-4bcc-ae31-65e27e0ba962,,,,,366.25,,,,,,,,,,,,,,,,2024-08-31 06:32:24.776836,62bbd588dab66605d7418bdc,0386e156-165a-4bcc-ae31-65e27e0ba962
27572955-bc76-4ef1-b848-d2d5635b5307,60844ec8-1755-47a1-a106-1cc9a6c26e18,af8b83a7-47eb-4049-9275-c86b659a4b79,b78830d4-a332-46bf-a731-764ace51b7e8,,5c43fe37-b32c-4153-bc47-ee2c3fcfb7f3,,,,,,Anthony,,,,,,,,,,,,,,,2024-08-31 06:32:24.776838,62bbd588dab66605d7418bdc,5c43fe37-b32c-4153-bc47-ee2c3fcfb7f3
9f71098e-753a-45c7-bf62-be92b94dea81,60844ec8-1755-47a1-a106-1cc9a6c26e18,af8b83a7-47eb-4049-9275-c86b659a4b79,b78830d4-a332-46bf-a731-764ace51b7e8,,20918e22-2a9d-4999-8f87-e7c8fa5af111,,,,,,The set of N16 bars was missing,,,,,,,,,,,,,,,2024-08-31 06:32:24.776841,62bbd588dab66605d7418bdc,20918e22-2a9d-4999-8f87-e7c8fa5af111
abb464bd-3f4f-44e1-b2bd-5270f9151b72,60844ec8-1755-47a1-a106-1cc9a6c26e18,af8b83a7-47eb-4049-9275-c86b659a4b79,bea4e8e5-a5b3-44cc-b0e6-f130e609918d,,7ea58f7c-8cb0-4eb7-befb-224d00abc3ef,,,,,22,,,,,,,,,,,,,,,,2024-08-31 04:00:23.153081,62bbd588dab66605d7418bdc,7ea58f7c-8cb0-4eb7-befb-224d00abc3ef
5e2d8490-b4a5-4882-9e1d-96ce215e0c01,60844ec8-1755-47a1-a106-1cc9a6c26e18,af8b83a7-47eb-4049-9275-c86b659a4b79,c341a172-7126-4a44-aaec-c667cba58058,,f888b158-2f9a-42f0-a7f6-7ba031d0fcf5,,,,,,CX5GH7,,,,,,,,,,,,,,,2024-08-31 06:18:43.294172,62bbd588dab66605d7418bdc,f888b158-2f9a-42f0-a7f6-7ba031d0fcf5
1a2a210a-e73e-4e50-a778-c69119150cd4,60844ec8-1755-47a1-a106-1cc9a6c26e18,af8b83a7-47eb-4049-9275-c86b659a4b79,c341a172-7126-4a44-aaec-c667cba58058,,9744d943-dc04-438c-84a7-2603f715cd02,,,,,,"Level 7, Pour 2",,,,,,,,,,,,,,,2024-08-31 06:18:43.294174,62bbd588dab66605d7418bdc,9744d943-dc04-438c-84a7-2603f715cd02
7d2b69e1-e60a-44cd-adad-283345b6c281,60844ec8-1755-47a1-a106-1cc9a6c26e18,af8b83a7-47eb-4049-9275-c86b659a4b79,c341a172-7126-4a44-aaec-c667cba58058,,d0f9ec21-50e3-4c58-8326-470c4aba9d8b,,,,,,2024-08-15,,,,,,,,,,,,,,,2024-08-31 06:18:43.294177,62bbd588dab66605d7418bdc,d0f9ec21-50e3-4c58-8326-470c4aba9d8b
366b919b-090f-4434-9f5f-eb8cb0fdfb23,60844ec8-1755-47a1-a106-1cc9a6c26e18,af8b83a7-47eb-4049-9275-c86b659a4b79,c341a172-7126-4a44-aaec-c667cba58058,,7ea58f7c-8cb0-4eb7-befb-224d00abc3ef,,,,,361.2,,,,,,,,,,,,,,,,2024-08-31 06:18:43.294179,62bbd588dab66605d7418bdc,7ea58f7c-8cb0-4eb7-befb-224d00abc3ef
41b20ffb-7a94-4038-817b-31ac3d9f9a2d,60844ec8-1755-47a1-a106-1cc9a6c26e18,af8b83a7-47eb-4049-9275-c86b659a4b79,c341a172-7126-4a44-aaec-c667cba58058,,464df91e-957e-4b1b-968e-d0a2a13a1d2a,,,,,5.05,,,,,,,,,,,,,,,,2024-08-31 06:18:43.294181,62bbd588dab66605d7418bdc,464df91e-957e-4b1b-968e-d0a2a13a1d2a
61bd2a06-5ea2-452f-b406-37144b0219ba,60844ec8-1755-47a1-a106-1cc9a6c26e18,af8b83a7-47eb-4049-9275-c86b659a4b79,c341a172-7126-4a44-aaec-c667cba58058,,0386e156-165a-4bcc-ae31-65e27e0ba962,,,,,366.25,,,,,,,,,,,,,,,,2024-08-31 06:18:43.294184,62bbd588dab66605d7418bdc,0386e156-165a-4bcc-ae31-65e27e0ba962
8f94afea-80b2-4a34-8530-d4c6281bb85b,60844ec8-1755-47a1-a106-1cc9a6c26e18,af8b83a7-47eb-4049-9275-c86b659a4b79,c341a172-7126-4a44-aaec-c667cba58058,,5c43fe37-b32c-4153-bc47-ee2c3fcfb7f3,,,,,,Anthony,,,,,,,,,,,,,,,2024-08-31 06:18:43.294186,62bbd588dab66605d7418bdc,5c43fe37-b32c-4153-bc47-ee2c3fcfb7f3
ddf8f57e-1abb-4a27-a25d-932b8674f8ee,60844ec8-1755-47a1-a106-1cc9a6c26e18,af8b83a7-47eb-4049-9275-c86b659a4b79,cf6f88f0-792d-439b-a2d7-901d1cc2c565,,7bae71be-fd97-4d7f-ba24-3926c7b2f6b2,Cracks in concrete observed in the video.,,,,,,,0,,,,,,,,,,,,,2024-12-11 20:55:04.191331,62bbd588dab66605d7418bdc,7bae71be-fd97-4d7f-ba24-3926c7b2f6b2
49ebdae9-3196-4cc4-930e-d9b616eb5893,60844ec8-1755-47a1-a106-1cc9a6c26e18,af8b83a7-47eb-4049-9275-c86b659a4b79,cf6f88f0-792d-439b-a2d7-901d1cc2c565,,67a2b289-c352-4eff-a5fd-adc431b35a68,No visible damage to concrete observed in the video.,,,,,,,1,,,,,,,,,,,,,2024-12-11 20:55:04.191336,62bbd588dab66605d7418bdc,67a2b289-c352-4eff-a5fd-adc431b35a68
c8f40db3-a292-4f11-a675-1f2d110627a2,60844ec8-1755-47a1-a106-1cc9a6c26e18,af8b83a7-47eb-4049-9275-c86b659a4b79,cf6f88f0-792d-439b-a2d7-901d1cc2c565,,91c82b49-0778-43dd-9b8b-45fa898da692,Joints are not clearly visible in the video to assess sealing.,,,,,,,2,,,,,,,,,,,,,2024-12-11 20:55:04.19134,62bbd588dab66605d7418bdc,91c82b49-0778-43dd-9b8b-45fa898da692
147c4cf7-7dfa-4ee0-8820-1c4d28d88d22,60844ec8-1755-47a1-a106-1cc9a6c26e18,af8b83a7-47eb-4049-9275-c86b659a4b79,cf6f88f0-792d-439b-a2d7-901d1cc2c565,,d6ad8d27-b38e-41a4-90be-8fd14ded69cd,Tie rod holes are visible in the video.,,,,,,,0,,,,,,,,,,,,,2024-12-11 20:55:04.191344,62bbd588dab66605d7418bdc,d6ad8d27-b38e-41a4-90be-8fd14ded69cd
6067d852-4ffc-4741-bb69-07c68e05c0da,60844ec8-1755-47a1-a106-1cc9a6c26e18,af8b83a7-47eb-4049-9275-c86b659a4b79,cf6f88f0-792d-439b-a2d7-901d1cc2c565,,0c0eb95f-429c-4e99-b79e-57dc7b6be3a8,Rendering is visible in this video.,,,,,,,1,,,,,,,,,,,,,2024-12-11 20:55:04.191348,62bbd588dab66605d7418bdc,0c0eb95f-429c-4e99-b79e-57dc7b6be3a8
e2292097-06b0-40bc-80c4-f12ee20efc09,60844ec8-1755-47a1-a106-1cc9a6c26e18,af8b83a7-47eb-4049-9275-c86b659a4b79,e121d6b7-6192-4b9d-b69a-45aed2c7d527,,f888b158-2f9a-42f0-a7f6-7ba031d0fcf5,,,,,,CX5GH7,,,,,,,,,,,,,,,2024-08-31 05:57:40.322733,62bbd588dab66605d7418bdc,f888b158-2f9a-42f0-a7f6-7ba031d0fcf5
1eb4100b-e5ce-4472-89c4-c63aea6fc679,60844ec8-1755-47a1-a106-1cc9a6c26e18,af8b83a7-47eb-4049-9275-c86b659a4b79,e121d6b7-6192-4b9d-b69a-45aed2c7d527,,9744d943-dc04-438c-84a7-2603f715cd02,,,,,,"Level 7, Pour 2",,,,,,,,,,,,,,,2024-08-31 05:57:40.322735,62bbd588dab66605d7418bdc,9744d943-dc04-438c-84a7-2603f715cd02
01e59681-2e73-474f-8dfe-5157ef0bdc7d,60844ec8-1755-47a1-a106-1cc9a6c26e18,af8b83a7-47eb-4049-9275-c86b659a4b79,e121d6b7-6192-4b9d-b69a-45aed2c7d527,,d0f9ec21-50e3-4c58-8326-470c4aba9d8b,,,,,,2024-08-15,,,,,,,,,,,,,,,2024-08-31 05:57:40.322738,62bbd588dab66605d7418bdc,d0f9ec21-50e3-4c58-8326-470c4aba9d8b
edd1fa2f-8c55-44d8-ae64-d5e7a8de6115,60844ec8-1755-47a1-a106-1cc9a6c26e18,af8b83a7-47eb-4049-9275-c86b659a4b79,e121d6b7-6192-4b9d-b69a-45aed2c7d527,,7ea58f7c-8cb0-4eb7-befb-224d00abc3ef,,,,,361.2,,,,,,,,,,,,,,,,2024-08-31 05:57:40.32274,62bbd588dab66605d7418bdc,7ea58f7c-8cb0-4eb7-befb-224d00abc3ef
e7dcedc6-cea6-4d5b-825e-c027e0b24888,60844ec8-1755-47a1-a106-1cc9a6c26e18,af8b83a7-47eb-4049-9275-c86b659a4b79,e121d6b7-6192-4b9d-b69a-45aed2c7d527,,464df91e-957e-4b1b-968e-d0a2a13a1d2a,,,,,5.05,,,,,,,,,,,,,,,,2024-08-31 05:57:40.322742,62bbd588dab66605d7418bdc,464df91e-957e-4b1b-968e-d0a2a13a1d2a
09a0473a-2c64-43ea-84c1-928077aa1be9,60844ec8-1755-47a1-a106-1cc9a6c26e18,af8b83a7-47eb-4049-9275-c86b659a4b79,e121d6b7-6192-4b9d-b69a-45aed2c7d527,,0386e156-165a-4bcc-ae31-65e27e0ba962,,,,,366.25,,,,,,,,,,,,,,,,2024-08-31 05:57:40.322744,62bbd588dab66605d7418bdc,0386e156-165a-4bcc-ae31-65e27e0ba962
2f1552c9-921a-4204-b3b2-10677efad8bc,60844ec8-1755-47a1-a106-1cc9a6c26e18,af8b83a7-47eb-4049-9275-c86b659a4b79,e121d6b7-6192-4b9d-b69a-45aed2c7d527,,5c43fe37-b32c-4153-bc47-ee2c3fcfb7f3,,,,,,Anthony,,,,,,,,,,,,,,,2024-08-31 05:57:40.322747,62bbd588dab66605d7418bdc,5c43fe37-b32c-4153-bc47-ee2c3fcfb7f3
ea75b434-162c-479d-a71c-77a2799b2ad8,60844ec8-1755-47a1-a106-1cc9a6c26e18,af8b83a7-47eb-4049-9275-c86b659a4b79,e86ebaba-0c62-4272-9127-c222ef860c0e,,f888b158-2f9a-42f0-a7f6-7ba031d0fcf5,,,,,,AXB32,,,,,,,,,,,,,,,2024-08-31 04:47:34.400239,62bbd588dab66605d7418bdc,f888b158-2f9a-42f0-a7f6-7ba031d0fcf5
cb19dc19-a84b-41e7-9e05-95a30f1d30ab,60844ec8-1755-47a1-a106-1cc9a6c26e18,af8b83a7-47eb-4049-9275-c86b659a4b79,e86ebaba-0c62-4272-9127-c222ef860c0e,,9744d943-dc04-438c-84a7-2603f715cd02,,,,,,"Level 1, Pour 7",,,,,,,,,,,,,,,2024-08-31 04:47:34.400242,62bbd588dab66605d7418bdc,9744d943-dc04-438c-84a7-2603f715cd02
0204a989-c762-497f-80d3-9ec5e72de221,60844ec8-1755-47a1-a106-1cc9a6c26e18,af8b83a7-47eb-4049-9275-c86b659a4b79,e86ebaba-0c62-4272-9127-c222ef860c0e,,d0f9ec21-50e3-4c58-8326-470c4aba9d8b,,,,,,2024-08-20,,,,,,,,,,,,,,,2024-08-31 04:47:34.400245,62bbd588dab66605d7418bdc,d0f9ec21-50e3-4c58-8326-470c4aba9d8b
bc69e445-120e-4cb0-aac3-5c608b2cf15c,60844ec8-1755-47a1-a106-1cc9a6c26e18,af8b83a7-47eb-4049-9275-c86b659a4b79,e86ebaba-0c62-4272-9127-c222ef860c0e,,7ea58f7c-8cb0-4eb7-befb-224d00abc3ef,,,,,2150,,,,,,,,,,,,,,,,2024-08-31 04:47:34.400247,62bbd588dab66605d7418bdc,7ea58f7c-8cb0-4eb7-befb-224d00abc3ef
f76143d1-ae83-4a2f-b97e-2264e317d21a,60844ec8-1755-47a1-a106-1cc9a6c26e18,af8b83a7-47eb-4049-9275-c86b659a4b79,e86ebaba-0c62-4272-9127-c222ef860c0e,,464df91e-957e-4b1b-968e-d0a2a13a1d2a,,,,,45,,,,,,,,,,,,,,,,2024-08-31 04:47:34.40025,62bbd588dab66605d7418bdc,464df91e-957e-4b1b-968e-d0a2a13a1d2a
d29a86f2-44d6-4d19-ac7d-059acc1c5567,60844ec8-1755-47a1-a106-1cc9a6c26e18,af8b83a7-47eb-4049-9275-c86b659a4b79,e86ebaba-0c62-4272-9127-c222ef860c0e,,0386e156-165a-4bcc-ae31-65e27e0ba962,,,,,2195,,,,,,,,,,,,,,,,2024-08-31 04:47:34.400252,62bbd588dab66605d7418bdc,0386e156-165a-4bcc-ae31-65e27e0ba962
d4dcaa78-07bf-48a4-914e-775e0c10d9e1,60844ec8-1755-47a1-a106-1cc9a6c26e18,af8b83a7-47eb-4049-9275-c86b659a4b79,e86ebaba-0c62-4272-9127-c222ef860c0e,,5c43fe37-b32c-4153-bc47-ee2c3fcfb7f3,,,,,,Anthony,,,,,,,,,,,,,,,2024-08-31 04:47:34.400254,62bbd588dab66605d7418bdc,5c43fe37-b32c-4153-bc47-ee2c3fcfb7f3
5e4e2ade-5e89-41dd-af0b-f96b351df8f2,60844ec8-1755-47a1-a106-1cc9a6c26e18,af8b83a7-47eb-4049-9275-c86b659a4b79,e895e00c-95c2-49d3-adea-dd285501c994,,f888b158-2f9a-42f0-a7f6-7ba031d0fcf5,,,,,,AXB32,,,,,,,,,,,,,,,2024-08-31 04:31:43.73651,62bbd588dab66605d7418bdc,f888b158-2f9a-42f0-a7f6-7ba031d0fcf5
8f9f9b2a-23b5-49d6-bb49-4a7d4906e160,60844ec8-1755-47a1-a106-1cc9a6c26e18,af8b83a7-47eb-4049-9275-c86b659a4b79,e895e00c-95c2-49d3-adea-dd285501c994,,9744d943-dc04-438c-84a7-2603f715cd02,,,,,,"Level 1, Pour 7",,,,,,,,,,,,,,,2024-08-31 04:31:43.736514,62bbd588dab66605d7418bdc,9744d943-dc04-438c-84a7-2603f715cd02
ab996e3e-eb78-4a7d-85b8-cb789c53d54a,60844ec8-1755-47a1-a106-1cc9a6c26e18,af8b83a7-47eb-4049-9275-c86b659a4b79,e895e00c-95c2-49d3-adea-dd285501c994,,d0f9ec21-50e3-4c58-8326-470c4aba9d8b,,,,,,2024-08-20,,,,,,,,,,,,,,,2024-08-31 04:31:43.736517,62bbd588dab66605d7418bdc,d0f9ec21-50e3-4c58-8326-470c4aba9d8b
cc8ebe4c-2bc3-4146-985a-e408ef845620,60844ec8-1755-47a1-a106-1cc9a6c26e18,af8b83a7-47eb-4049-9275-c86b659a4b79,e895e00c-95c2-49d3-adea-dd285501c994,,7ea58f7c-8cb0-4eb7-befb-224d00abc3ef,,,,,2150,,,,,,,,,,,,,,,,2024-08-31 04:31:43.736519,62bbd588dab66605d7418bdc,7ea58f7c-8cb0-4eb7-befb-224d00abc3ef
1e0fda84-ba73-41af-806f-3dbbdb604963,60844ec8-1755-47a1-a106-1cc9a6c26e18,af8b83a7-47eb-4049-9275-c86b659a4b79,e895e00c-95c2-49d3-adea-dd285501c994,,464df91e-957e-4b1b-968e-d0a2a13a1d2a,,,,,45,,,,,,,,,,,,,,,,2024-08-31 04:31:43.736522,62bbd588dab66605d7418bdc,464df91e-957e-4b1b-968e-d0a2a13a1d2a
060cf222-6c9b-483c-855d-8d3364c67e2d,60844ec8-1755-47a1-a106-1cc9a6c26e18,af8b83a7-47eb-4049-9275-c86b659a4b79,e895e00c-95c2-49d3-adea-dd285501c994,,0386e156-165a-4bcc-ae31-65e27e0ba962,,,,,2195,,,,,,,,,,,,,,,,2024-08-31 04:31:43.736525,62bbd588dab66605d7418bdc,0386e156-165a-4bcc-ae31-65e27e0ba962
211f16bb-bfdd-4809-97c1-f7e2cce5861c,60844ec8-1755-47a1-a106-1cc9a6c26e18,af8b83a7-47eb-4049-9275-c86b659a4b79,e895e00c-95c2-49d3-adea-dd285501c994,,5c43fe37-b32c-4153-bc47-ee2c3fcfb7f3,,,,,,Anthony,,,,,,,,,,,,,,,2024-08-31 04:31:43.736527,62bbd588dab66605d7418bdc,5c43fe37-b32c-4153-bc47-ee2c3fcfb7f3
